:020000040800F2
:10000000F007002001010008BD5300082D40000842
:10001000B9530008B50D000849550008000000005C
:10002000000000000000000000000000C5530008B0
:10003000DD0D000800000000C1530008C95300088E
:100040001B0100081B0100081B0100081B01000820
:100050001B0100081B0100081B0100081B01000810
:100060001B0100081B0100081B0100081B01000800
:10007000B90D0008C50D00081B0100081B01000890
:10008000D10D00081B0100081B0100081B0100081E
:100090001B0100081B0100081B010008E10D0008FE
:1000A000D1530008F5530008E9530008DD53000858
:1000B000015400081B0100080D5400083D400008D1
:1000C000314000081B0100081B0100081B0100084B
:1000D0001B01000825550008315500083D55000852
:1000E0001B0100081B0100081B010008DFF80CD0F1
:1000F00000F0B2FC0048004709620008F007002049
:100100000648804706480047FEE7FEE7FEE7FEE7B1
:10011000FEE7FEE7FEE7FEE7FEE7FEE7CD53000859
:10012000ED0000082DE9F0410024061B254671F181
:10013000000605DA01240027D0EB070067EB010178
:10014000161E73F1000605DA0027D2EB070201251F
:1001500067EB030300F03AFB86460E4617469C46C3
:10016000AC4204D00025D0EB050E65EB010624B1AE
:100170000020D2EB000760EB030C704631463A4694
:100180006346BDE8F08130B504460020034600E038
:100190005B1C934203D2E05CCD5C401BF8D030BDC9
:1001A000F0B480EA0102D40F4200B2EB410F02D258
:1001B0000246084611464A0042D0C30DDDB2C1F3E3
:1001C000C752AD1A202D35DAC1F3160141F40002F1
:1001D00004B15242C5F1200602FA06F12A41104448
:1001E000B3EBD05F23D0C4B1012DA0EBC35009DC29
:1001F000F0BC4FF0004202EAC352DBB200F500004F
:1002000000F03FBB400000F1807000EBC350A0F154
:10021000807040EAD170490009E0490841EAC071A4
:10022000A0EBC35000F50000400800EBC350F0BC49
:1002300000F01EBB6142012202EB4101001BF6E708
:10024000F0BC704781F00041AAE780F00040A7E7CA
:1002500080EA010210B502F00043400022D04A00BB
:100260001FD0010E01EB1261C0F35600C2F356021B
:1002700040F4000042F40002A0FB022000047F3999
:10028000140400D0401C50EA124001D44000491E22
:10029000C2B20C0604EBD010401C4008802A02D0E9
:1002A00003E0002010BD20F00100002900DA00204A
:1002B000184310BD30B480EA010202F0004530F06E
:1002C000004221F0004013D090B1C30DD40DC2F311
:1002D0001601C0F31600E41A41F4000140F40002D4
:1002E0007D34914201D3641C00E04900002C02DA05
:1002F00030BC002070474FF400000023914201D32E
:10030000891A034340084FEA4101F7D151B19142A4
:1003100002D14FF0004105E002D24FF0010101E0AF
:100320006FF0010103EBC450284430BC00F0A0BAC8
:100330002DE9FE4F804681EA0300C00F0C46009075
:1003400021F0004123F00045B8EB0200A94105D29D
:100350004046214690461C460B46024623F000408C
:10036000104347D0270DC7F30A00C3F30A51029088
:10037000401A019040286BDAC3F3130040F4801B4D
:100380000098924620B10023D2EB030A63EB0B0BDB
:1003900001985946C0F14002504600F048FA06461E
:1003A0000D4650465946019A00F050FA10EB0800ED
:1003B0006141002487EA115284EAE7731A4340D06E
:1003C000009A62B3019A012A4FEA075215DC001B1A
:1003D00061EB02014FF0004202EA0752CDE9004210
:1003E000001C41F5801132462B4600F087FA03B01D
:1003F000BDE8F08F40462146F9E7001B61EB0201A2
:10040000001C41F5801300185B412018A2F500176D
:1004100047EB030140EAD570B6196D4111E06D0854
:100420004FEA360645EAC0754FEA0752001B61EBFA
:100430000201001C41F5801149084FEA3000001903
:10044000514132462B4603B0BDE8F04F00F047BAA9
:100450000098012240000023D0EB020263EBE0731E
:10046000009821464FEAE074B8EB000061EB04010C
:10047000E9E783F000435BE781F0004158E72DE9AD
:10048000FE4F81EA030404F0004421F0004100948F
:100490004FF0000B23F0004350EA01045ED052EA13
:1004A00003045BD0C3F30A54C1F30A552C44A4F2ED
:1004B000F3340194A0FB0254C1F3130141F4801101
:1004C000C3F3130343F4801301FB024400FB034E08
:1004D000840A970A44EA815447EA8357A4FB0768D1
:1004E00002958D0A05FB07854FEA932C04FB0C54FB
:1004F0002705029D4FEA065847EA1637B5EB08056F
:100500006EEB070C870E920E47EA811742EA8312C0
:10051000A7FB0201B6EB0B0164EB00042B0D43EAD1
:100520000C335E1844EB1C50DA465146E7FB0201DF
:10053000C5F313044FEA0B3343EA14534FEA043272
:10054000019C43EA0603A4F10C040294009CCDE94B
:1005500000B400F0D3F903B0BDE8F08F00200146ED
:10056000F9E72DE9F04D81EA030404F0004B21F096
:10057000004514464FF0000A23F0004150EA0502FE
:1005800020D054EA01021DD0C5F30A570246C5F334
:100590001303C1F31300C1F30A5640F4801543F46A
:1005A0008013A7EB0608101BD64608F2FD3873EB44
:1005B000050002D308F1010801E092185B41B8F18F
:1005C000000F03DA00200146BDE8F08D00204FF453
:1005D0008011064684460EE0171B73EB050705D312
:1005E000121B63EB050306434CEA010C49084FEA72
:1005F000300092185B4150EA0107EDD152EA030046
:1006000012D082EA040083EA0501084305D0101BDA
:10061000AB4106D20122002306E000224FF0004346
:1006200002E06FF0010253101AEB06004CEB085188
:1006300010EB0A0041EB0B01BDE8F04D00F04FB9A3
:10064000002801DBC0F10040002901DBC1F10041BD
:10065000814201D80120704700207047002801DB4B
:10066000C0F10040002901DBC1F10041814201D20B
:100670000120704700207047002801DBC0F10040D6
:10068000002901DBC1F10041814201D30120704703
:1006900000207047002801DBC0F10040002901DB89
:1006A000C1F10041814201D901207047002070470B
:1006B000002801DBC0F10040002901DBC1F100414D
:1006C000814201D10120704700207047C10F80EAAC
:1006D000E0700844CA079623002100F0D2B89623A0
:1006E0000022114600F0CDB800F0004220F000409A
:1006F000C10DC0F3160040F400007F2901DA00208C
:100700007047962903DCC1F19601C84001E0963993
:100710008840002AF4D04042704720F00040C10DCC
:10072000C0F3160040F400007F2901DA0020704772
:10073000962903DCC1F19601C8407047963988407C
:10074000704700F0004230F000400AD0C10D01F5C2
:100750006071C0F3160042EA0151C208400711431C
:10076000704700200146704701F0004330B421F08B
:10077000004150EA010206D00A0DA2F56072C1F3F1
:100780001301002A02DC30BC00207047440F44EA09
:10079000C104C100E01830BC00EBC25000F068B8E2
:1007A00030B50B46014600202022012409E021FA41
:1007B00002F59D4205D303FA02F5491B04FA02F53E
:1007C0002844151EA2F10102F1DC30BD2DE9F05FD5
:1007D0000546002092469B468846064681464024B0
:1007E0001BE0284641464746224600F04DF9534655
:1007F0005A46C01A914110D311461846224600F0BD
:1008000016F82D1A67EB01084F46224601200021F9
:1008100000F00DF817EB00094E41201EA4F1010471
:10082000DFDC484631462A464346BDE8F09F202A91
:1008300004DB203A00FA02F1002070479140C2F137
:10084000200320FA03F3194390407047202A06DB67
:10085000CB17203A41FA02F043EAE07306E041FA8E
:1008600002F3D040C2F1200291400843194670477C
:100870000029A8BF7047401C490008BF20F00100B4
:10088000704710B4B0FA80FC00FA0CF050EA010492
:1008900004BF10BC704749B1CCF1200421FA04F424
:1008A00011FA0CF118BF012121430843A3EB0C01FD
:1008B000CB1D4FEA00614FEA102042BF002010BC60
:1008C000704700EBC35010440029A4BF10BC704710
:1008D000401C490008BF20F0010010BC704710B553
:1008E000141E73F1000408DA401C41F10001921853
:1008F0005B411A4301D120F0010010BD2DE9F04DFC
:1009000092469B4611B1B1FA81F202E0B0FA80F250
:1009100020329046FFF78BFF04460F4640EA0A005C
:1009200041EA0B0153465A46084313D0114653EA95
:10093000010019D0C8F14002504600F0A5F8054664
:100940000E46504659464246FFF771FF084305D010
:10095000012004E020463946BDE8F08D0020054323
:1009600046EAE0762C4337430A986305E40AA0EB95
:1009700008000022FD0A44EA47540A3002D500204C
:100980000146E9E7010510196941DDE9084500194B
:100990006941BDE8F04DA2E770B521F00043034383
:1009A0000CD0C1F30A550024D5EB040564EB040315
:1009B000D617AD1AB34102DB0020014670BD2018E6
:1009C00041EB025170BDC1F30A52C1F3130140F271
:1009D000FF3341F480119A4202DA00200146704749
:1009E00040F233439A42A2F2334202DC524200F018
:1009F0004BB8FFF71CBF000030B5041E71F10004B6
:100A000004DB4FF00044404264EB0101141E73F11B
:100A1000000405DB1C464FF00043524263EB040325
:100A20008B4208BF824230BD30B5041E71F1000414
:100A300004DB4FF00044404264EB0101141E73F1EB
:100A4000000405DB1C464FF00043524263EB0403F5
:100A5000994208BF904230BD1CB509480090094832
:100A600001900546009C06E0E06840F0010394E830
:100A7000070098471034AC42F6D3FFF73BFB000069
:100A80002C9D00084C9D0008202A04DB203A21FA06
:100A900002F00021704721FA02F3D040C2F1200297
:100AA00091400843194670472DE9F04D00231A463E
:100AB0001B1A8A4103DB00200146BDE8F08DC1F31B
:100AC0000A52C1F3130141F480154FF0000BD10716
:100AD00002D100186D41521E0027044640F2FF115A
:100AE000384601EB620A3E468046024600204FF43B
:100AF0008011FFF7C9FFC2197141BB1846EB010015
:100B0000B4EB030C75EB000C04D3E41A65EB0005A1
:100B100017460E46241908F101006D41804634281D
:100B2000E3DDF91946EB0600091BA84103D24FF09B
:100B3000FF32134601E0002213461BEB070046EB91
:100B40000A51BDE8F04DFFF7CABE00002DE9F04F95
:100B50008FB00D460021C4F2B4318346FFF7A8FDE3
:100B600040F27008C2F20008C8B9D8F8180098F826
:100B7000004020F00040FFF7D0FD02460120214652
:100B800004F04EF8D8F8180098F8004020F0004023
:100B9000FFF7C3FD02460220214604F041F8D8F8D1
:100BA0000490D8F80C4028465946C8F808900E958D
:100BB000FFF748FB00210746C8F8040020F000407A
:100BC000C4F22011FFF74AFD054638462146FFF7DB
:100BD000E7FA064640F20800C2F20000002D08BF06
:100BE0002E46D0F80CA026F0004051464446C8F8E6
:100BF0000C60FFF725FD88B930460021FFF720FD86
:100C0000002804BFC4F80CA0564630460021FFF768
:100C100033FD002804BF8AF00046E66038464946A6
:100C2000FFF710FB40F20801C2F200010546C8F8C8
:100C30001000D1E90040D1F808903146FFF708FBD9
:100C4000064620463946FFF703FB3146FFF7A8FA70
:100C50000446484629464546FFF7FAFA2146FFF77B
:100C60009FFA00210746C8F81800FFF721FD38B9A0
:100C700038460021FFF70EFD002818BF012028701C
:100C800027F000405146FFF7DBFC88B938460021C9
:100C9000FFF7F2FC002804BF8AF00047AF61384636
:100CA0000021FFF7CDFC002804BFC5F818A0574667
:100CB00040F20800C2F20000046927F0004021461B
:100CC000FFF7DAFC80B938460021FFF7D5FC002891
:100CD00004BF84F00047AF6138460021FFF7B0FC45
:100CE000002804BFAC6127465846FFF72AFDCDE92E
:100CF0000C102C7827F00040FFF70FFD0246012072
:100D0000214603F08DFFA8692C7820F00040FFF702
:100D100004FD02460220214603F082FF0E98FFF7F1
:100D200010FD0B90A8696C68CDF838B0D5E903AB1D
:100D30000A91FFF706FD804620460E46FFF701FDAB
:100D4000044650468946FFF7FCFC074640F208007F
:100D5000C2F200008068AA460D465946FFF778FAAD
:100D6000FFF7EFFCCDE908010B98DDE90C320090AC
:100D70000A98CDE90364CDE9010806A0CDE90597FD
:100D8000079507F0A9F80E98CAF814000FB0BDE84F
:100D9000F08F00BF252E32662C252E32662C252E94
:100DA00032662C252E32662C252E32662C252E32CC
:100DB000660D0A00FEE7000040F25C10C2F200007F
:100DC00000F038BA40F21810C2F2000000F032BA57
:100DD00040F2D400C2F2000000F02CBA70470000CC
:100DE000202000F04FBB0000EFF3108072B600BF70
:100DF000FEE7000010B581B00022009290F8242098
:100E0000012A03D10221084601B010BD4B6801221E
:100E1000062B80F8242033D8D0F800C003EB8303DE
:100E20005A1F1F23DCF834E003FA02F40B682EEAA1
:100E3000040403FA02F22243CCF83420092B03EB1A
:100E4000430249D9DCF80CE01E3A07248968944033
:100E50002EEA0404914023F001022143102ACCF829
:100E60000C1043D142F20841C4F20101A1F1080281
:100E7000944543D0816A41F020018162012136E02E
:100E8000D0F800C00C2B03EB830213D8233A1F23A6
:100E9000DCF830E003FA02F40B682EEA040403FAEB
:100EA00002F22243CCF83020092B03EB4302C9D8CD
:100EB00012E000BF413A1F23DCF82CE003FA02F4F1
:100EC0000B682EEA040403FA02F22243CCF82C2029
:100ED000092B03EB4302B5D8DCF8103007248968EE
:100EE0009440A34391401943CCF8101000210022F4
:100EF00080F82420084601B010BD00BF0A68120225
:100F0000F4D40A68102B42F400020A60EED140F2D9
:100F10005C01C2F2000109684DF68362C4F21B3223
:100F2000A1FB0212910C01EB810149000091009993
:100F30000029DBD000990139009100990029D5D012
:100F400000990139009100990029CFD00099013909
:100F5000009100990029C9D00099013900910099A8
:100F600000294FF00001E5D1C1E70000002804BFCF
:100F700001207047B0B50446806A28B121688868AE
:100F8000C0070CD115E000BF0020E06284F8240007
:100F9000204600F097F821688868C00709D0886863
:100FA00020F00100886000F08DFB21688A68D2077C
:100FB00026D1A06AC0063AD4A06A41F20212904338
:100FC0000230A062E069D4E9013240EA030C531E0A
:100FD000B3FA83F35D091346B2F5807F18BF2B0285
:100FE000207D257B01284CEA45002CD135B3A56A2C
:100FF00045F02005A562E56A45F00105E56222E0BD
:10100000054602E08868C007D3D000F05BFB401BB8
:1010100021680328F6D38868C007F3D0A06A40F09F
:101020001000A062E06A40F00100E062A06AA06ADD
:1010300040F01000A0620120B0BD00BFA56903EB25
:101040004533A3F5C0534D68B2F5807F25F469455B
:1010500043EA05034B608B684FF2FD75CFF6E175EF
:1010600003EA050343EA00038B6001D0012A07D19C
:1010700022690023CFF6F07303EB025201E000BFB8
:101080000022CB6A23F470031A43CA62896840F6CF
:10109000FE62CFF61F721140814207D10020E0624C
:1010A000A16A012262F30101A162B0BDA06A40F011
:1010B000100020F00200A062E06A40F00100E0624F
:1010C0000120B0BD80B586B0014640F60000C4F2F4
:1010D0000100096800F5E05291424FF00001CDE9AE
:1010E0000411CDE9021101D006B080BD41F2180112
:1010F000C4F202010A6842F400720A600A6802F44B
:1011000000720192019A0A6842F004020A600968BA
:1011100001F0040101910199012102910321039140
:1011200002A900F0BBF906B080BD0000014690F8AE
:101130002100022816D10868D1E90FC3026822F005
:101140000E020260026822F001020260012000FA31
:1011500003F2CCF8042081F821000020002281F85D
:1011600020207047042088630120002281F820207D
:101170007047000090F82110022923D1026840F244
:10118000040C1168C4F2020C21F00E011160136806
:101190002F21C4F202018A4223F00103136015DDFE
:1011A0003023C4F202039A421CD04423C4F2020347
:1011B0009A421BD05823C4F202039A421CD14FF426
:1011C000803321E004218163012070470823C4F2A9
:1011D00002039A420ED01C23C4F202039A420BD19E
:1011E000102311E04FF480730EE000BF4FF48053E2
:1011F0000AE000BF012307E00CF168014FF08073A3
:101200008A4208BF4FF480130121CCF8003080F8E7
:101210002110416B0022002980F8202004BF00200B
:10122000704780B58847002080BD000090F82100FD
:101230007047000010B5D0E90FCE0168DCF800302F
:101240000A6823FA0EF35C072AD512F0040427D0AB
:101250000A68920603D40A6822F004020A602F2268
:10126000C4F20202914240F20402C4F202025BDDC7
:101270003023C4F20203994272D04423C4F2020321
:10128000994273D05823C4F20203994240F07A8005
:101290004FF480231360C16A002940F098806FE00A
:1012A0009C0727D512F0020424D00A68920606D4BF
:1012B0000A6822F00A020A60012280F821202F2207
:1012C000C4F20202914240F20402C4F202023BDD87
:1012D0003023C4F20203994260D04423C4F20203D3
:1012E00099425FD05823C4F20203994260D14FF46F
:1012F000003365E01B0743D512F0080208BF10BD9C
:101300000A6822F00E020A60012101FA0EF2CCF8FE
:101310000420816380F82110016B0022002980F8ED
:10132000202054D12CE000BF0823C4F202039942CC
:1013300022D01C23C4F20203994223D1402313601C
:10134000C16A002943D11BE00823C4F20203994279
:101350002CD01C23C4F20203994229D120232FE070
:101360004FF480631360C16A89BB09E04FF4804386
:101370001360C16A59BB03E004231360C16A31BB27
:1013800010BD00BF02F168044FF08063A14208BFA6
:101390004FF480031360C16AC9B9F1E74FF40073D9
:1013A0000EE000BF4FF400530AE000BF022307E045
:1013B00002F168044FF00073A14208BF4FF400131C
:1013C0001360816A0022002980F82020D8D0BDE86F
:1013D00010400847014600284FF0010008BF704741
:1013E0002DE9F043D1F800C04FF6F873CBF6FD734A
:1013F0004CF6CD426344CCF6CC42A3FB02236FF003
:10140000030202EA93020023C4F2020301F10C0872
:10141000C1E90F320222D1E9019E98E8F00181F87A
:101420002120DCF8002043F6F0739A4342EA0902D7
:1014300042EA0E0222432A4332433A4342EA080276
:10144000CCF8002000228A6381F8210081F8202056
:101450000020BDE8F0437047B0B5044600F032F913
:10146000054640F21C00C2F200000078611C18BF63
:10147000044400BF00F026F9401BA042FAD3B0BDDF
:101480007047000040F21441C4F201010A680242B0
:1014900014BF08607047FFF7F3BF00002DE9F04F5D
:1014A00082B00E68002E00F0FD8041F20042C4F2CE
:1014B0000102042340F2004E904208BF03234FF67E
:1014C000FF7CC4F2010E009300240123C1F2100C32
:1014D0004FF0000A4FF000094BE000BF41F200025C
:1014E000C4F20102009F904208BF022704F00C03DF
:1014F0000F229A402BEA020207FA03F34FEA9A05F9
:101500001A4346F825204E6840F20C45F202DEF8F8
:10151000082054BF22EA080242EA0802C4F2010588
:10152000CEF808202A68B30254BF22EA080242EA31
:1015300008022A60B303DEF8042054BF22EA08023E
:1015400042EA0802F303CEF80420DEF800204FF050
:10155000010354BF22EA080242EA0802CEF8002042
:101560000E680AF1010A36FA0AF204F1040400F0E6
:10157000998003FA0AFB16EA0B08F1D04E6866451B
:1015800012DC122E56D8DFE806F0350B4D495555C2
:10159000555555555555555555555545510000BF4F
:1015A000D1F80C9046E000BF4FF6FF72C1F2210265
:1015B00096420FDC0022C1F2110296421AD000229C
:1015C000C1F21202964215D00022C1F221029642C7
:1015D00010D02FE00022C1F2220296420AD000224F
:1015E000C1F23102964205D00022C1F23202964287
:1015F00020D100BF8A684AB1012A14BFC0F814B0D4
:10160000C0F810B04FF0080914E000BF4FF0040913
:1016100010E000BFCA6802F104090BE04FF00009B6
:1016200008E000BFCA6802F1080903E0CA6802F1D5
:101630000C0900BF02462646B8F5807F24BF04325D
:10164000203E17680F25B54027EA050509FA06F67A
:1016500035431560CA79D2067FF582AF41F218038F
:10166000C4F202031A68AEF57E7642F001021A60F7
:101670001A6802F001020192019A2AF0030256F858
:1016800002B040F60002C4F20102904208D040F6D7
:101690000042C4F2010290427FF420AF012725E707
:1016A000002723E702B0BDE8F08F00008068084003
:1016B00018BF012070470000002A08BF090401611B
:1016C0007047000040F2EC30C2F200000068704742
:1016D0007047000070470000F0B581B00446006814
:1016E00000254769426894F83E1002F48076FA05B6
:1016F00008D53EB16FF4807242610268012542F460
:1017000000420260BA0505D5002E1EBF02356FF4F7
:10171000007242617A0516D5AEB1628D94F83D3003
:10172000D4F830C0202908BF002A23D06FF480628B
:10173000402905F10405426101D0102903D1016857
:1017400041F400710160380506D52EB120680835D6
:101750006FF40061416100E055B1206C40EA050181
:101760002046216401B0BDE8F04002F0FFBC00BF9C
:1017700001B0F0BD03F0F701212909D0282B08BFE3
:10178000BCF1210F04D06FF4806141610435DAE7C8
:1017900094F83D10E26AB2F1080318BF0123203A21
:1017A00018BF0122134208BF282921D0212939D18D
:1017B0000021CFF6FF71E16221212163202184F80D
:1017C0003D10002184F83E10426822F4E06242603D
:1017D0006FF480624261026822F4806202604269B2
:1017E000120648BF0161204600F056FCABE700BF7F
:1017F0000021CFF6FF71E162416821F4E0614160B0
:101800006FF480614161016821F480610160002012
:101810002021206384F83D1084F83E00204600F02B
:10182000DDFB90E76FF4806141618CE7F0B581B03A
:1018300007687968C26A90F83E5090F83DE0402D04
:1018400001D0102D34D1BB697C69E60718D1B2F103
:101850002A4F00F06782B2F52A0F00F06382220758
:1018600001F4007240F10681002A00F00381416B0F
:10187000426C0029D2B23A6140F0B080B0E000BFC3
:101880008A0543D44FF0010C7A685B076ED41205C9
:1018900000F1488204F04402402A40F0598111F4DA
:1018A000806100F0558101B0BDE8F04002F0A0BDBC
:1018B000026C01F40073002A0CBFBC6900247D692E
:1018C000AA0729D543B3016C002918BFBC6990F859
:1018D0003D1001F02801282940F0C08079680122DC
:1018E00021F48061796004F0040182EA910122060A
:1018F0004FF0180258BF0C22825A002380F83C3067
:1019000001B0BDE8F040FFF7E5BE00BFC16AB1F528
:101910002A0F3DD1012140E0EA066FD5002B6DD0A2
:1019200090F83D50796821F4E061796000210091E0
:1019300079690091396841F001013960009939688D
:1019400021F4806139607968090540F1798105F0F9
:10195000F7010446222940F0498154F8381F0A68EB
:10196000526824F80E2C34F80E2C47E1120500F1D1
:10197000D98104F08402802A40F0F88011F480615B
:1019800000F0F48001B0BDE8F04002F017BE00BFE7
:10199000C16AB1F12A4F01D10821C16290F83E100D
:1019A00040290BD1016D406C002900F0FE0018BFEA
:1019B00040F00100386101B0F0BD00BF0169B1F530
:1019C000804F40F0898090F83D10426C212902F050
:1019D000FE0218BF01323A61416B09B1896A39B917
:1019E000806B002800F09E81806A002800F09A81B8
:1019F000786840F40060786001B0F0BD0EF0F70246
:101A0000212A79D105F08402802A40F0C18011F4A6
:101A1000806100F0BD8090F83D10428D002A00F0FA
:101A20008181426A12F8013B3B614262428D013A78
:101A30004285428D002A08BF292940F073817968C8
:101A400021F48061796021210163282180F83D1013
:101A500001B0BDE8F04000F01FBB00BF00210091C5
:101A60007A690092BA690092009A80F83C1001B03D
:101A7000F0BD00BF4FF0010CA6078CEA522C7FF599
:101A800003AF002A3FF400AF90F83E20C16A036B19
:101A900090F83D60222E40F09F80066D002E08BF1A
:101AA000402A00F09980026D002A40F03D810269D1
:101AB000B2F5404F40F038810021009179690091E2
:101AC000B96900910099396841F480713960016DFC
:101AD0000131016501B0F0BD016D002900F0008108
:101AE000016D012940F01E81406C062101EAD010F1
:101AF000F130386101B0F0BD05F04402402A57D101
:101B000011F4806154D090F83D10428D002A00F00D
:101B100009813A69436A1A70426A01324262428D0F
:101B2000013A4285428D002A08BF2A2940F0FA80F6
:101B300001684A6822F480624A60222101632821F8
:101B400080F83D1001B0BDE8F04000F0A3BA00BF3E
:101B500004F00401012282EA910151EA0C0140F0F3
:101B6000E18001B0BDE8F04002F0C6BB04F0040122
:101B7000012282EA910151EA0C0140F0D380BEF1CA
:101B8000210F40F0C78001B0BDE8F04002F0D4BCA6
:101B9000690740F1C780002B00F0C480418D002907
:101BA00000F0C080416A11F8012B3A610FE000BFDC
:101BB000690740F1B780002B00F0B480418D002907
:101BC00000F0B0803969426A1170416A01314162A6
:101BD000418D01394185A5E0002000907869009091
:101BE000B8690090009801B0F0BD00BF54F8341FF0
:101BF0000A68526824F80A2C34F80A2C1AB1026CCC
:101C000042F0040202647A68064622F40062084642
:101C10007A60FFF70BFB01463046012910D020689F
:101C200044F24901C0F600014163FFF7A3FA0146FF
:101C3000304629B1216804464A6B08469047204641
:101C4000418D61B101684A6952072FD44A69520631
:101C500039D4418D19B1016C41F004010164016C6A
:101C600021B101B0BDE8F04002F080BA2A2D08D1C0
:101C700000210163282180F83D10044600F00AFA93
:101C8000204690F83D10282932D10021CFF6FF716F
:101C9000C16200212022016380F83D2080F83E10BF
:101CA00001B0BDE8F04000F099B900BF0969426A8F
:101CB0001170426A016801324262428D013A4285E6
:101CC0004A695206C5D50969426A1170416A0131F3
:101CD0004162418D01394185418D0029BBD1BEE76B
:101CE000406C062101EAD010F030386101B0F0BD3F
:101CF000016B222918BF222D14D10021202201635B
:101D000080F83D2080F83E1001B0BDE8F04000F0C2
:101D1000C1B900BF402D05D101B0BDE8F04002F0CF
:101D2000A7BC00BF01B0F0BD428D52B1428D012A67
:101D300016D1202918BF082946D1396821F48061BD
:101D400039600021009179690091B9690091009989
:101D5000396841F4007139600021016501B0F0BDBE
:101D6000428D022A14D110295AD8012214238A4004
:101D7000C0F201031A4253D03A6842F480623A60DA
:101D8000002200927A690092BA690092009A56E0A5
:101D90003A6842F480623A607A68120534D54A1E85
:101DA0001F2A08D8012303FA02F248F28103C8F27D
:101DB00000031A4202D111F5803F25D1796841F420
:101DC0008051796020E000BF11F5803F0AD1396869
:101DD00021F48061396079680905B2D5396821F448
:101DE000806110E0122B01D10129A6D11029F5D86C
:101DF000012202FA01F11422C0F201021142EDD0D7
:101E0000396841F48061396000210091796900915D
:101E1000B969009100990021016501B0F0BD00BFD2
:101E20003A6842F400623A60002200927A690092B5
:101E3000BA690092009A3A6822F480623A607A683D
:101E4000120512D54A1E1F2A08D8012303FA02F2EE
:101E500048F28103C8F200031A4202D111F5803F13
:101E600003D1796841F4805179600021016501B0A6
:101E7000F0BD000070470000002804BF012070473B
:101E8000F0B581B0044690F83D0028B9002084F8F0
:101E90003C00204600F0ACF8242084F83D00206887
:101EA000016821F001010160016841F40041016015
:101EB000016821F40041016000F006FB636848F20C
:101EC000A16CC0F2010C40F60011C0F23D01634567
:101ED0003CBF48F28041C0F21E01884202D201207C
:101EE00001B0F0BD4DF68361C4F21B31A0FB0112BD
:101EF0002168970CD1F804E04FF496762EF03F0558
:101F000045EA92454D60774348F638160D6AC0F2AF
:101F10004106A7FB067625F03F07634538BF960CC0
:101F2000721C3A430A62CA6948F2A0664CF6FF770F
:101F3000C0F20106B34222EA07020BD801385B0067
:101F4000B0FBF3F001306FF31F30042898BF04207A
:101F50001BE000BFA768013857B119277B43B0FBCE
:101F6000F3F001306FF31F3070B100F5804007E0EF
:101F700003EB4303B0FBF3F001306FF31F3018B1F4
:101F800000F5004001E000BF01201043C86108686F
:101F9000D4E9072320F0C000104318430860886884
:101FA00048F2FF3204F10C0790438CCF18431043E2
:101FB000A6698860C86820F0FF0038433043C860D5
:101FC000086840F00100086000202021206484F8A7
:101FD0003D10206384F83E0001B0F0BD7047000062
:101FE0007047000070470000704700007047000015
:101FF00010B586B0006845F20041C4F20001884285
:102000004FF00000CDE90400CDE9020002D006B097
:1020100010BD00BF41F21804C4F20204206802A9F6
:1020200040F008002060206800F00800019001984E
:102030004FF440700290122003900320059040F668
:102040000040C4F20100FFF729FA0420C4F20100A5
:102050000168002241F0E06141F002010160606826
:10206000002140F400106060606800F400100190EE
:1020700001981F2000F08CF81F2000F077F8202036
:102080000021002200F084F8202000F06FF806B054
:1020900010BD0000704700007047000040F21C00B7
:1020A00040F2EC31C2F20000C2F2000100780A688E
:1020B000104408607047000080B542F20000C4F28E
:1020C0000200016841F010010160032000F08CF86B
:1020D0000F2000F005F800F027F8002080BD000078
:1020E00070B540F21C06C2F2000640F25C01327884
:1020F000C2F200014FF47A730968B3FBF2F20446AE
:10210000B1FBF2F1084600F007FC0F2C4FF001057F
:1021100008D838B94FF0FF3021460022002500F0E2
:1021200037F87460284670BD82B041F21800C4F2DE
:1021300002000168022241F001010160016801F022
:10214000010101910199416841F08051416040686D
:1021500000F08050009000980420C4F20100016853
:1021600062F31A61016002B070470000002848BFA6
:10217000704700F01F01012202FA01F11C2202EA5D
:10218000D0004EF20012CEF20002815070470000E3
:1021900010B54EF60C5CCEF2000CDCF80030C3F348
:1021A000022E8EF00704042C28BF0424BEF1030382
:1021B0004FF0FF3E0EFA04F438BF0023A1439940CC
:1021C0000EFA03F39A43114300F00F0200F160434B
:1021D0000901043A03F564436244002848BF02F150
:1021E0000C03197010BD00004EF60C51CEF2000128
:1021F0000A684FF6FF031A4060F30A2242F080603B
:1022000040F0FD70086070472DE9F04182B004464F
:10221000007841F21C06C007C4F202064AD03068BA
:102220005FEAC00808D4306840F080503060306801
:1022300000F080500190019847F20007C4F20007B7
:102240003868C00512D4386840F480703860FFF7F1
:1022500039FA05463868C00508D4FFF733FA401B41
:102260006428F7D9032002B0BDE8F081706810F44B
:10227000407012D0616801F4407188420DD07068DE
:1022800040F24042C4F24222012320F44071136024
:102290000023C0071360716026D17068616820F464
:1022A00040700843B8F1000F706003D4306820F02C
:1022B000805030602068810707D556F8181CA26846
:1022C00021F44041114346F8181CC00607D556F8C2
:1022D000180CE16820F48000084346F8180C002030
:1022E00002B0BDE8F08100BFFFF7ECF9054641F20E
:1022F000883700BF70688007CFD4FFF7E3F9401B31
:10230000B8424FF00300F5D9EAE70000002804BF07
:10231000012070472DE9F04381B042F20008C4F279
:1023200002080446D8F800000D4600F00700884275
:102330000CD2D8F8000020F007002843C8F80000AD
:10234000D8F8000000F00700A8426CD1206841F2E4
:1023500004098107C4F2020917D5410705D5D9F848
:10236000001041F4E061C9F80010010705D5D9F863
:10237000001041F46051C9F80010D9F80010A268AB
:1023800021F0F0011143C9F80010C00742D1D8F87C
:10239000000000F00700A8420CD9D8F8000020F097
:1023A00007002843C8F80000D8F8000000F0070034
:1023B000A84238D12068410707D5D9F80010E26853
:1023C00021F4E0611143C9F80010000708D5D9F8DD
:1023D0000000216920F4605040EAC100C9F8000003
:1023E000D9F8002002F00C00082841F20020C0F2C9
:1023F0007A004DD149F28003C2F38341C0F6000355
:10240000595CD20338D440F60010C0F23D00484376
:102410003EE000BF606859F8041C022808D001287B
:1024200026D1890306D4012001B0BDE8F08300BFA6
:102430008901F8D5D9F8001021F003010843C9F843
:102440000000FFF73FF9064641F28837D9F800004F
:10245000616800F00C00B0EB810F98D0FFF732F903
:10246000801BB842F2D9032001B0BDE8F08300BF61
:102470008907D8D5DEE700BFD9F8002049F27E03EE
:10248000C2F34042C0F600039A5C4843B0FBF2F04E
:10249000D9F8001049F26602C1F30311C0F6000238
:1024A000515C40F25C0220FA01F140F22000C2F2DD
:1024B00000000068C2F200021160FFF711FE002068
:1024C00001B0BDE8F083000040F25C0041F204017D
:1024D000C2F20000C4F202010068096849F2760203
:1024E000C1F30221C0F60002515CC84070470000F1
:1024F00040F25C0041F20401C2F20000C4F20201A9
:102500000068096849F27602C1F3C221C0F60002F0
:10251000515CC84070470000002804BF012070478C
:102520002DE9F04182B00446007841F20006C00770
:10253000C4F202060CD0706800F00C00042840F0D1
:1025400081803068800303D56068002800F04681F0
:10255000207880071BD5706810F00C0F09D07068C8
:1025600000F00C00082840F087807068C00300F17C
:1025700083803068800703D52069012840F02E81D0
:102580003068616920F0F80040EAC10030602078CE
:10259000000713D4207840072CD4E569002D00F003
:1025A0001881706800F00C00082840F0A780012D09
:1025B00040F00481012002B0BDE8F081A06900284C
:1025C00000F084800020C4F242200121C0F8801471
:1025D000FFF778F8054600BF706A800700F1B28007
:1025E000FFF770F8401B0228F6D9032002B0BDE8BF
:1025F000F08100BFF0695FEAC00808D4F06940F0DC
:102600008050F061F06900F080500090009847F22F
:102610000007C4F200073868C00549D4386840F4A0
:1026200080703860FFF74EF8054600BF3868C00577
:102630003ED4FFF747F8401B6428F7D9032002B0C7
:10264000BDE8F081706800F00C00082803D17068C4
:10265000C0033FF576AF61683068002900F00C8157
:10266000B1F5A02F00F00081B1F5803F40F01A8154
:1026700040F480301CE100BF2069002840F20000D7
:10268000C4F2422000F0888001210160FFF71AF8AF
:10269000054600BF306880073FF572AFFFF712F8BC
:1026A000401B0228F6D9032002B0BDE8F08100BF2C
:1026B000E168306A002900F09D80052900F09280D1
:1026C000012940F0AF8040F00100B1E00020C4F2E9
:1026D00042200021C0F88014FEF7F4FF054600BF39
:1026E000706A80077FF556AFFEF7ECFF401B0228AB
:1026F000F6D9032002B0BDE8F08100BF0027C4F284
:10270000422700203866FEF7DDFF022D05460DD179
:102710003068800140F1DE80FEF7D4FF401B0228C4
:102720004FF00300F4D902B0BDE8F08130688001B9
:102730004FD5FEF7C7FF401B02284FF00300F5D925
:10274000F1E700BF40F25C00C2F20000006844F60E
:10275000D351C1F26201A0FB0101480A019000BF00
:1027600000BF0198411E002801913FF413AF00BF44
:102770000198411E002801913FF40CAF00BF019861
:10278000411E002801913FF405AF00BF0198411E92
:1027900000280191E4D1FDE600210160FEF792FFDF
:1027A000054600BF306880077FF5F1AEFEF78AFF6F
:1027B000401B02284FF00300F4D9B4E77068216A87
:1027C00000F480328A4209D1616A00F470108842B4
:1027D00004D1002002B0BDE8F08100BF012002B0AA
:1027E000BDE8F08140F004003062306A40F0010042
:1027F0001EE000BF20F001003062306A20F00400CB
:102800003062FEF75FFF054641F28837306A800785
:1028100020D5FEF757FF401BB8424FF00300F5D913
:1028200081E700BF20F001003062306A20F0040030
:102830003062FEF747FF054641F28837306A80076D
:1028400008D4FEF73FFF401BB842F7D9032002B07F
:10285000BDE8F081B8F1000F3FF59FAEF06920F0C0
:102860008050F06199E600BF40F48020306030680D
:1028700040F480301CE000BF20F4803030603068CD
:1028800020F480203060FEF71DFF0546306880038D
:102890007FF55EAEFEF716FF401B64284FF0030085
:1028A000F4D940E720F480303060306820F4802094
:1028B0003060FEF707FF0546306880033FF548AEFD
:1028C000FEF700FF401B6428F6D9032002B0BDE8E4
:1028D000F08100BF206AB0F5803F05D17168A26821
:1028E00021F40031114371607168626A21F474113E
:1028F00011430843706001203866FEF7E3FE04468A
:10290000306880013FF565AFFEF7DCFE001B022852
:102910004FF00300F4D906E7411E0020B0EB116F21
:102920001CBF012070474EF21002CEF2000251602F
:102930004EF62351CEF20001F0230B700721906078
:1029400011607047704700007047000090F83C200D
:10295000012A04BF02207047B0B501F108053CCD43
:10296000D1E900CE23F47C5322F470521A432EF4A2
:10297000F0431A432CF4E0431A4324F4C0431A43AF
:102980002A43C96922F48042036811435964002133
:1029900080F83C100020B0BD90F83C20012A4FF098
:1029A000020236D010B580F83D200268D2F804E06B
:1029B000D2F808C00C682EF07003234340F2FF7475
:1029C000C4F20004A24253600ADCB2F1804F13D07B
:1029D00040F20043C4F200039A420DD011E000BF60
:1029E00042F60043C4F201039A4205D040F60003C8
:1029F000C4F200039A4204D149682CF080031943C1
:102A000091600121002280F83D1080F83C20BDE853
:102A10001040104670470000002804BF0120704796
:102A200010B590F83D1031B9002180F83C100446F3
:102A300000F070F82046022180F83D10016840F255
:102A4000FF740B68C4F2000442F6004CA142C4F2C9
:102A5000010C15DCB1F1804F1AD040F20042C4F2F3
:102A60000002914214D0A14218DCB1F1804F1DD078
:102A700040F20042C4F20002914217D01AE000BFB7
:102A8000614505D040F60002C4F200029142EAD14D
:102A9000826823F070031343A142E6DD614505D04F
:102AA00040F60002C4F20002914203D1026923F40D
:102AB00040731343846923F08002D0F804E0C368B4
:102AC000224361450A60CB62C1F828E002D1426925
:102AD000CCF8302001224A610B69DB0703D00B6977
:102AE00023F001030B6180F8462080F83E2080F837
:102AF0003F2080F8402080F8412080F8422080F874
:102B0000432080F8442080F8452080F83D200020B4
:102B100010BD000010B582B00068B0F1804F2DD01C
:102B200042F60041C4F20101884241D141F218004D
:102B3000C4F202000168002241F4006101600068F3
:102B4000002100F40060019001981820FFF720FB9D
:102B50001820FFF70BFB192000210022FFF718FBBC
:102B60001920FFF703FB1A2000210022FFF710FBBA
:102B70001A20FFF7FBFA1B240EE000BF41F21800F9
:102B8000C4F2020041681C2441F001014160406828
:102B900000F0010000900098204600210022FFF77D
:102BA000F7FA204602B0BDE81040FFF7DFBA00BFD9
:102BB00002B010BD90F83D1001291CBF01207047E4
:102BC000022180F83D10006840F2FF72C168C4F233
:102BD0000002904241F00101C16009DCB0F1804F78
:102BE00012D040F20041C4F2000188420CD012E041
:102BF00042F60041C4F20101884205D040F60001CE
:102C0000C4F20001884206D1816801F0070106295B
:102C100004BF00207047016841F0010101600020FD
:102C20007047000090F83C20012A4FF002026CD05F
:102C300080B580F83D20D0F800C04FF67772DCF800
:102C4000083023EA0202CCF808200B684F2B29DC5D
:102C50001F2B45DD202B46D0302B44D0402B40F09D
:102C6000AF80D1F804E0C968DCF82030DCF820201F
:102C700022F00102CCF82020DCF8182022F0F0022B
:102C800042EA011123F00A0242EA0E02CCF81810BF
:102C9000CCF82020DCF8081041F0470121F0300189
:102CA00028E000BF6F2B33DDB3F5005F74D0B3F5C0
:102CB000805F21D0702B40F08380D1E901E3C968A7
:102CC000DCF8082043EA0E0322F47F4243EA0121A4
:102CD0001143CCF80810DCF8081041F0770109E046
:102CE0000BB1102B6CD1DCF8081021F070011943E6
:102CF00041F00701CCF808100022012180F83D10B6
:102D0000002180F83C10BDE880401046704700BFAD
:102D1000502B21D0602B53D1D1F804E0C968DCF8E6
:102D20002030DCF8202022F01002CCF82020DCF843
:102D3000182022F4704242EA013123F0A00242EA54
:102D40000E12CCF81810CCF82020DCF8081041F056
:102D5000670121F01001CDE7D1F804E0C968DCF883
:102D60002030DCF8202022F00102CCF82020DCF812
:102D7000182022F0F00242EA011123F00A0242EA8E
:102D80000E02CCF81810CCF82020DCF8081041F026
:102D9000570121F02001ADE7D1E901E3C968DCF872
:102DA000082043EA0E0322F47F4243EA0121114343
:102DB000CCF80810DCF8081041F480419AE700BF15
:102DC00001229AE7002804BF012070472DE9F04F47
:102DD00081B090F83D2042B9002280F83C200446A2
:102DE0000D4600F09DF829462046022280F83D203D
:102DF000026844F20705936842F6004CAB439360C7
:102E000040F2FF731468C4F200039A42C4F2010C4A
:102E100014DCB2F1804F19D040F20045C4F2000535
:102E2000AA4213D09A4217DCB2F1804F1CD040F274
:102E30000043C4F200039A4216D01AE0624505D05E
:102E400040F60005C4F20005AA42EBD1856824F0E3
:102E500070042C439A42E7DD624505D040F600033A
:102E6000C4F200039A4204D1036924F4407543EA92
:102E7000050424F080038469D0F804E0C568234386
:102E800062451360D562C2F828E002D14369CCF8EC
:102E900030304FF0010EC2F814E01569ED0703D091
:102EA000156925F00105156195689469D2F820C06F
:102EB000D1E90038D1E9027B43EA050A8D694FF672
:102EC000FF7924EA090447EA05254FF6FC47BD438C
:102ED000D1E9077644EA0B040B692C4344EA072442
:102EE0002CF02207496944EA031347EA080743EA3A
:102EF000063347EA0111C2F808A09361116280F815
:102F000046E080F83EE080F83FE080F842E080F85C
:102F100043E080F83DE0002001B0BDE8F08F000004
:102F200080B586B0006840F60002C4F200020021BD
:102F300090420591CDE9031102912BD040F200415E
:102F4000C4F20001884251D141F21800C4F20200DB
:102F5000416841F002014160416801F002010191C4
:102F60000199016841F004010160006802A900F0C4
:102F7000040001900198C0200290002003900120DD
:102F8000049040F60000C4F20100FEF787FA06B094
:102F900080BD00BF41F21800C4F20200426842F056
:102FA00004024260426802F004020192019A02683F
:102FB00042F008020260006800F0080001900198E9
:102FC000C020CDE902010120049040F60000C4F2C7
:102FD000010000F5806002A9FEF760FA1E200021C2
:102FE0000022FFF7D5F81E20FFF7C0F806B080BD1D
:102FF00080B590F83E2090F83F3090F842E090F88D
:1030000043C004290AD0B9B9012A4FF0010208BF10
:10301000BEF1010F34D0104680BD00BF012B4FF030
:10302000010208BFBCF1010FF5D1022180F83F1069
:1030300080F8431000681EE0012A4FF0010208BF2B
:10304000012BE8D1BEF1010FE5D1BCF1010FE2D1B6
:10305000022280F83E2080F83F2080F8422080F84D
:10306000432091B10068016A21F001010162016A07
:1030700041F00101016210216FF0100209E000BF70
:10308000022180F83E1080F84210006801216FF0A4
:103090000102036A1A400262026A11430162016876
:1030A000002241F001010160104680BD7047000020
:1030B00070B504460068C5680669B10716D515F0F5
:1030C000020113D06FF002010161012121778069B3
:1030D000800703D02046FFF7E9FF05E0204600F017
:1030E0008FF8204600F010FA00202077700719D5DD
:1030F00015F0040016D020686FF004010161022170
:103100002177806910F4407F04D02046FFF7CEFF7E
:1031100006E000BF204600F073F8204600F0F4F906
:1031200000202077300717D515F0080014D020684C
:103130006FF00801016104212177C069800703D085
:103140002046FFF7B3FF05E0204600F059F820467F
:1031500000F0DAF900202077F00619D515F01000FC
:1031600016D020686FF01001016108212177C06935
:1031700010F4407F04D02046FFF798FF06E000BF20
:10318000204600F03DF8204600F0BEF900202077F0
:10319000F00718BF15F0010002D1300609D412E083
:1031A00020686FF001010161204600F01DFA300631
:1031B00009D515F0800006D020686FF0800101610C
:1031C0002046FFF7BFFB700609D515F0400006D07A
:1031D00020686FF040010161204600F01FFAB00640
:1031E00058BF70BD15F0200008D021686FF0200294
:1031F00020460A61BDE87040FFF7A6BB70BD000025
:103200007047000090F83C30012B04BF022070474B
:103210004FEAB202032A00F2F1802DE9F043DFE821
:1032200002F003A53B7500BF036842F600461D6A25
:103230001A6AC4F2010622F001021A621A465C6898
:1032400052F818CFB3428E68D1F800E025F002059D
:1032500045EA06050CD1CE68D1E9057824F440741E
:1032600025F00C0526F004063C43354344EA0804E7
:103270002CF0730747EA0E075C609F614F6809698D
:103280005F631D629F6947F008079F619F6927F090
:1032900004079F61A6E000BF036842F600461D6A6E
:1032A0001A6AC4F2010622F480721A621A46D3F82E
:1032B00004C052F81CEFB3428E680C6825F4007508
:1032C00045EA06250FD1CE68D1E90598360240F2CD
:1032D000FF4725F44065BE4335432CF4405748EA88
:1032E000090647EA061C2EF073072743C3F804C0FB
:1032F000DF614F680969DF631D62DF6947F0080716
:10330000DF61DF6927F00407DF616BE0036842F6E5
:103310000047D3F820C01A6AC4F2010722F4805291
:103320001A621A465C6852F81C5FD1F800E08E6899
:10333000BB4204D14F6924F4804444EA87142CF43E
:10334000005747EA063725F4E64646EA0E265C6053
:10335000DE614E6809691E641F62DF6947F4006719
:10336000DF61DF6927F48067DF613AE0036842F6D6
:1033700000461D6A1A6AC4F2010622F010021A629F
:103380001A46D3F804C052F8184FB3428E68D1F8E9
:1033900000E025F0200545EA06150FD1CE68D1E9F9
:1033A00005986FF0400725F0C00507EA061635437B
:1033B0002CF4406748EA090647EA860C24F4E64400
:1033C00044EA0E27C3F804C09F614F6809699F63F0
:1033D0001D629F6947F400679F619F6927F48067BA
:1033E0009F6109021368194311600021BDE8F04391
:1033F000002280F83C200846704700BF01210022CF
:1034000080F83C2008467047002804BF0120704720
:1034100010B590F83D1031B9002180F83C100446F9
:1034200000F070F82046022180F83D10016840F25B
:10343000FF740B68C4F2000442F6004CA142C4F2CF
:10344000010C15DCB1F1804F1AD040F20042C4F2F9
:103450000002914214D0A14218DCB1F1804F1DD07E
:1034600040F20042C4F20002914217D01AE000BFBD
:10347000614505D040F60002C4F200029142EAD153
:10348000826823F070031343A142E6DD614505D055
:1034900040F60002C4F20002914203D1026923F413
:1034A00040731343846923F08002D0F804E0C368BA
:1034B000224361450A60CB62C1F828E002D142692B
:1034C000CCF8302001224A610B69DB0703D00B697D
:1034D00023F001030B6180F8462080F83E2080F83D
:1034E0003F2080F8402080F8412080F8422080F87A
:1034F000432080F8442080F8452080F83D200020BB
:1035000010BD00007047000070470000C1B10429E1
:1035100008D0082914BF41224022825C012A05D02C
:1035200016E000BF3F22825C012A11D10222082945
:1035300010D0042914BF80F8412080F83F200BE010
:1035400090F83E20012A03D1022280F83E2003E0B9
:103550000120704780F84020006801F01F0101221F
:10356000036A8A4023EA02010162036A42F6444187
:10357000C4F201011A43A1F14403984202620FD040
:1035800040F2FF71C4F20001884213DCB0F1804FB9
:103590001CD040F20041C4F20001884216D01CE069
:1035A0000A6842F400420A6040F2FF71C4F200016E
:1035B0008842EBDD42F60041C4F20101884205D0A9
:1035C00040F60001C4F20001884206D1816801F092
:1035D0000701062904BF00207047016841F001017E
:1035E000016000207047000040F23C21C2F200015F
:1035F000884218BF704740F27002C2F20002508841
:10360000013081B20529508006D3D2E9071000238A
:103610005380FDF79BBA00BF704700007047000061
:103620007047000070470000B0B582B001680A68BA
:10363000CC684B6902F02F05202D04F0200505D140
:1036400025B102B0BDE8B04001F0ECBE5FEA027CFB
:103650001EBF03F0010E04F4907313EB0E0341D16F
:10366000036BD50618D5012B16D114F0100313D017
:10367000002201920A6801924A680192019A4969FE
:1036800049064BD4818DC28DC38D002B18BF91424A
:1036900040F0F48102B0B0BD13062DD514F08003C4
:1036A0002AD090F84120212AF4D18268B2F5805FB7
:1036B00003D10269002A00F06782026A531C036288
:1036C00012784A60C28C013A1304C284E2D1C868FD
:1036D00020F08000C860C86840F04000C86002B0B8
:1036E000B0BD00BFD30718BF14F4807340F0D08082
:1036F000530700F1D380D8E05206CBD514F0400236
:10370000C8D0CA6822F04002CA60202180F8411067
:1037100002B0BDE8B04000F087BC00BFC16B0A68D2
:10372000526893B2002BB5D0858DAB42B2D2C28520
:103730008969202900F0A180016851E8031F02680F
:1037400021F4807142E80313DBB1016851E8031FE3
:10375000026821F4807142E8031393B1016851E8D3
:10376000031F026821F4807142E803134BB1016822
:1037700051E8031F026821F4807142E80313002B13
:10378000DAD1016851E8051F026821F0010142E821
:103790000513C3B3016851E8051F026821F0010158
:1037A00042E805137BB3016851E8051F026821F068
:1037B000010142E8051333B3016851E8051F0268AF
:1037C00021F0010142E80513002BDAD11BE000BF14
:1037D000016851E8051F026821F0400142E8051325
:1037E000DBB1016851E8051F026821F0400142E8A1
:1037F000051393B1016851E8051F026821F04001EB
:1038000042E805134BB1016851E8051F026821F039
:10381000400142E80513002BDAD1202180F8421044
:1038200000210163016851E8031F026821F01001C3
:1038300042E80313DBB1016851E8031F026821F07D
:10384000100142E8031393B1016851E8031F0268B5
:1038500021F0100142E803134BB1016851E8031F46
:10386000026821F0100142E80313002BDAD1C16B8A
:1038700004460846FDF75AFC204602214163818D2B
:10388000C28D891A89B202B0BDE8B040FFF7C8BE48
:10389000436C43F001034364530706D5BEF1000FA8
:1038A00003D0436C43F002034364930706D5BEF193
:1038B000000F03D0436C43F004034364BCF1000FDA
:1038C00006D55EEA050303D0436C43F00803436466
:1038D000436C002B3FF4DEAE920605D525B10446BD
:1038E00001F0A0FD216820464969426C01F04001C9
:1038F00002F00802891800F0B98000BF016851E8A1
:10390000031F026821F4907142E80313BBB30168FE
:1039100051E8031F026821F4907142E8031373B366
:10392000016851E8031F026821F4907142E8031313
:103930002BB3016851E8031F026821F4907142E83B
:103940000313002BDAD11AE0016851E8051F026861
:1039500021F0010142E80513DBB1016851E8051FC0
:10396000026821F0010142E8051393B1016851E8B2
:10397000051F026821F0010142E805134BB10168FF
:1039800051E8051F026821F0010142E80513002BF0
:10399000DAD1016B012924D1016851E8031F0268C3
:1039A00021F0100142E80313DBB1016851E8031F65
:1039B000026821F0100142E8031393B1016851E855
:1039C000031F026821F0100142E803134BB10168A4
:1039D00051E8031F026821F0100142E80313002B95
:1039E000DAD1202180F84210002101630168496981
:1039F000490640F1C380016851E8051F026821F0C3
:103A0000400142E80513DBB1016851E8051F026877
:103A100021F0400142E8051393B1016851E8051F08
:103A2000026821F0400142E805134BB1016851E8FA
:103A3000051F026821F0400142E80513002BDAD18E
:103A4000C16B002900F09A8045F21942C0F60002CD
:103A5000044608464A63FDF78DFB00283FF41AAE82
:103A6000E06B416B02B0BDE8B04008470446FFF789
:103A7000D9FD0020606402B0B0BD00BF891A00BF4C
:103A8000026852E8032F036822F4907243E803258A
:103A9000BDB3026852E8032F036822F4907243E832
:103AA000032575B3026852E8032F036822F490726D
:103AB00043E803252DB3026852E8032F036822F47C
:103AC000907243E80325002DDAD11AE0026852E82B
:103AD000052F036822F0010243E80525DDB10268E5
:103AE00052E8052F036822F0010243E8052595B14D
:103AF000026852E8052F036822F0010243E8052519
:103B00004DB1026852E8052F036822F0010243E834
:103B10000525002DDAD1202280F842200022026300
:103B2000026852E8032F036822F0100243E80325DD
:103B3000DDB1026852E8032F036822F0100243E867
:103B4000032595B1026852E8032F036822F01002A2
:103B500043E803254DB1026852E8032F036822F0C1
:103B6000100243E80325002DDAD1022289B2426314
:103B700002B0BDE8B040FFF753BD00BF02B0BDE8E2
:103B8000B040FFF74FBD00BF026A32F8023B6FF34F
:103B90005F234B60026295E5002804BF0120704757
:103BA00010B5044690F8410028B9002084F8400080
:103BB000204600F063F8242084F841002068D4E90E
:103BC0000212C36823F40053C360036923F4405313
:103BD0001A430261D4E904231143C268194341F234
:103BE0000C639A431143C1604169A26921F4407199
:103BF000114343F60002C4F201029042416103D036
:103C0000FEF762FC02E000BFFEF772FCD4E900237D
:103C1000192148439900B0FBF1F048F21F5CC5F24E
:103C2000EB1CA0FB0C314FF69C734909C0F6FF73E7
:103C300001FB0300322303EB0010A0FB0C03F02078
:103C400000EA531000EB0110C3F3431108449060E5
:103C50001069202120F490401061506920F02A0062
:103C60005061D06840F40050D0600020606484F857
:103C7000411084F84210606310BD00002DE9F0414E
:103C800086B00446006844F20041C4F200010027F7
:103C900088420597CDE90377029700F0A58044F6A6
:103CA0000001C4F20001884238D043F60001C4F29A
:103CB0000101884240F0E88041F21800C4F202009D
:103CC000016840F6000441F4804101600168C4F2DB
:103CD000010401F4804101910199016802AD41F0B4
:103CE000040101600068294600F004000190019879
:103CF0004FF40070029002200390032005902046AC
:103D0000FDF7CCFB4FF4806002900020CDE903006A
:103D100020462946FDF7C2FB2524ADE041F21800FC
:103D2000C4F20200416802AE41F480214160416862
:103D300040F21C0801F48021019101990168C4F24C
:103D4000020841F0080101600068314600F00800F7
:103D5000019001984FF480600290022003900320AC
:103D6000059040F60000C4F2010000F58065284689
:103D7000FDF794FB4FF4006002900027284631467F
:103D8000CDE90377FDF78AFB40F25C15C2F200052E
:103D900010208026C5E900802846C5E90276C5E9DD
:103DA0000477C5E90677FDF715FB002818BFFDF776
:103DB0001BF8A5636C6240F2181508F11400C2F2FA
:103DC0000005C5E900072846C5E90276C5E904777C
:103DD000C5E90677FDF7FEFA002818BFFDF704F8DD
:103DE000E5636C62272447E041F21800C4F2020048
:103DF000416840F6000541F4003141604168C4F279
:103E0000010501F4003101910199016802AE41F010
:103E1000040101600068314600F00400019001983F
:103E20000420029002200390032005902846FDF70D
:103E300035FB0820CDE90207284631460497FDF7F7
:103E40002DFB1C20C4F2020040F2D4055030C2F217
:103E500000058021C5E900072846C5E90271C5E9CA
:103E60000477C5E90677FDF7B5FA002818BFFCF717
:103E7000BBFFE5636C622624204600210022FEF78A
:103E800087F92046FEF772F906B0BDE8F081000020
:103E9000704700002DE9F04381B0044690F84100DE
:103EA000202809D100294FF0010018BF002A07D1AE
:103EB00001B0BDE8F08300BF022001B0BDE8F0838F
:103EC0000020606421201D460E4684F841001746FC
:103ED000FDF7F8FBA784E784A1688146B1F5805F10
:103EE00002D1206900285DD037460020E28C21688D
:103EF000002A5DD06A1C24D0002D4AD0804600BF25
:103F00000868000608D4FDF7DDFBA0EB0900A84215
:103F10007AD82168C868F3E717B117F8010B04E0F5
:103F200038F8020B00276FF35F204860E08C0138FF
:103F3000E084E08C0028E3D13AE000BF0A68120672
:103F400009D40A68120606D40A6812065CBF0A6819
:103F50005FEA0262F2D51FB117F8012B05E000BF3E
:103F600030F8022B00276FF35F224A60E28C013A9F
:103F7000E284E28C002AE4D11AE000BF30F8022B80
:103F800000276FF35F224A60E28C013AE284E28C00
:103F900072B10A68120635D5002FEFD017F8012B41
:103FA000F1E700BF00273046E28C2168002AA1D14A
:103FB000086840061ED42DB3681C14D1086840065A
:103FC0002AD40868400627D40868400624D4086824
:103FD00040064FF00000F1D50DE000BF2068C16839
:103FE0000068400618D4FDF76DFBA0EB0900A8425D
:103FF000F4D909E00020202184F8411001B0BDE887
:10400000F08300BFFDF75EFB0320202184F8411000
:1040100001B0BDE8F08300BF0020202184F84110EA
:1040200001B0BDE8F083000070470000FEE700002B
:1040300040F2A010C2F20000FDF74EBB40F2A0100B
:10404000C2F20000FDF7F2BB10B581B00021009173
:10405000406A40F25C01C2F2000190F83DC009687C
:104060004BF28952C908C1F2F842A1FB0212110AAF
:10407000232251430091009911B300990139009115
:104080000168096889051FD50099C9B100990139EE
:10409000009101680968890516D5009981B10099D8
:1040A000013900910168096889050DD5009939B178
:1040B000009901390091016809688905DBD403E0A2
:1040C000016C41F020010164446B4FF0000E002CA4
:1040D0001CBF0021A162816B00291CBF00228A62E3
:1040E0000268002C136823F480631360A0F82AE0B0
:1040F00018BFC4F834E000291CBF00234B631168CB
:1041000021F00101116090F83D1060290CD12021AF
:1041100080F83D10002180F83E10016401B0BDE838
:104120001040FDF7D5BA00BF0CF02801282911D1A5
:10413000116841F001011160116841F48061116062
:1041400000210163282180F83D1001B0BDE8104036
:10415000FDF790BE202180F83D10002180F83E1030
:1041600001B0BDE81040FDF785BE000010B5044663
:1041700090F83D1090F83E00B0F1100218BF0122F7
:10418000403818BF0120024208BF222934D001F074
:10419000280028283AD100202063282084F83D00F8
:1041A00020684168090542D5416821F400614160F9
:1041B000606B90F82110012958D1A06B44F249019D
:1041C000C0F600014163FCF7D5FF002861D02068EC
:1041D0004169490606D50069616A0870616A20680C
:1041E00001316162016821F001010160202084F841
:1041F0003D00A06B4BE000BF2068026822F4006223
:1042000002604268120505D50CE000BF20684268D4
:10421000120507D4602905D0202184F83D10002123
:1042200084F83E100021216341680905BCD494F84C
:104230003D10602950D1202184F83D1000212164D7
:104240004169490606D50069616A0870616A20689B
:1042500001316162016821F0010101602046FDF732
:1042600037FA206C000717D11BE000BF44F2490168
:10427000C0F600014163FCF77DFF50B12168606B1F
:104280000A6822F001020A60202184F83D10416B87
:104290008847206C000704D02068416821F4E06161
:1042A000416094F83D00216C490758BF10BD282893
:1042B00010D10020CFF6FF70E062002120202163A2
:1042C00084F83D00204684F83E10BDE81040FDF71C
:1042D00085BE00BF10BD00BF4169490605D5006914
:1042E000616A0870606A013060622046FDF7C2FDB5
:1042F000206C0007D0D1D4E7C16A428D042A07D1CF
:104300000168426A4B6823F480634B60096911E0DD
:10431000428D032A16D102680229536823F4806370
:10432000536005D0042903D0116821F48061116025
:104330001169426A1170416A01314162418D01394E
:1043400041857047428D022A12D14A1E0F2A19D880
:10435000DFE802F0081218121818181818181818A0
:10436000181818080268136823F480630EE000BF71
:104370000168426ACAE700BF0268136843F48063B9
:1043800004E000BF0268136843F40073136012690D
:10439000436A1A70426AD0F800C0531C4362438DCE
:1043A000013B4385DCF810305370426A03680132E8
:1043B0004262428D013A42855A6822F440725A6044
:1043C000202280F83D2090F83E300022402B80F8DB
:1043D0003E2003D10263FDF707BE00BFB1F1080222
:1043E00018BF1222203918BF11460163FDF7F8BD2E
:1043F00081B090F83D10222910D1C16A428D042A63
:104400000ED30168426A09691170416A0131416243
:10441000418D01394185418D03295DD001B070473F
:10442000C36A012A58D8022B56D00022009240F2CB
:104430005C02C2F2000212684BF28953D208C1F248
:10444000F843A2FB03231A0A02EB82020092009AAD
:10445000013A0092009A002A46D0026813689B0530
:104460001AD5009A013A0092009AEAB302681368DA
:104470009B0511D5009A013A0092009AA2B30268F6
:1044800013689B0508D5009A013A0092009A5AB326
:10449000026813689B05DAD4136823F48063136001
:1044A000536823F4E06353601269436A1A70426AE6
:1044B00001324262428D013A4285202280F83D203D
:1044C00090F83E300022402B80F83E2028D1026335
:1044D00001B0FDF789BD00BF0068416821F480612B
:1044E000416001B0704700BF016C41F020010164E0
:1044F0000168426A4B6823F4E0634B6009691170FC
:10450000416A01314162418D01394185202180F8A4
:104510003D10002180F83E1001B0FDF7ABBC00BF9C
:10452000B1F1080218BF1222203918BF11460163E9
:1045300001B0FDF755BD0000C16A90F83D20212A69
:1045400018BF7047428D4AB1416A026811F8013BB9
:1045500013614162418D01394185704711F5803FFA
:1045600018BF082918D101684A6822F4E0624A603D
:104570000A6842F400720A6000212022016380F878
:104580003D2090F83E2080F83E10402A08BFFDF7FD
:104590002DBDFDF727BD00BF2029E4D001684A6882
:1045A00022F4E0624A6011210163002180F83E108C
:1045B000202180F83D10FDF715BD000090F83D105A
:1045C00090F83EC0C26A038D002B08BF212919D084
:1045D000212905D0BCF1400F08BF222900D0704727
:1045E000418D69B390F83E10402908BF00F040B8F3
:1045F000416A026811F8013B13614162418D013942
:104600004185704712F5803F18BF082A1ED1016806
:104610004A6822F4E0624A600A6842F400720A6062
:1046200000212022016380F83D2090F83E2080F890
:104630003E10402A08BFFDF7D9BCFDF7D3BC00BF30
:104640000068416821F4806141607047202ADED013
:1046500001684A6822F4E0624A6011210163002186
:1046600080F83E10202180F83D10FDF7BBBC000013
:1046700090F83D10026D5AB1026D012A14D1016803
:10468000826CD2B20A61016D01310165704700BFD1
:10469000C26C816C012A15D10268C9B21161016D29
:1046A00002310165704700BF026D022A12D1222932
:1046B00018D101680A6842F480720A60016D013104
:1046C000016570470268C1F307211161016D013175
:1046D0000165704700684169090644BF0021016116
:1046E000704700BF428D5AB1212909D1416A026841
:1046F00011F8013B13614162418D013941857047D9
:10470000428D002A08BF2129EAD101684A6822F4B3
:10471000E0624A600A6842F400720A6000212022C6
:10472000016380F83D2080F83E10FDF75FBC00007B
:1047300010B584B041F21800C4F20200016840F6DE
:10474000004441F0080101600068C4F2010400F077
:104750000800009000984FF44070009003200390F0
:104760001120019069462046FCF798FE20464FF440
:1047700000710022FCF7A0FF20464FF48071012257
:10478000FCF79AFF20464FF400710122FCF794FFDA
:1047900004B010BD2DE9F04F83B040F60045C4F2DF
:1047A0000105019028464FF480710122FCF784FF37
:1047B00028464FF40071FCF779FF029028464FF429
:1047C00080710022FCF778FF28464FF480710122A7
:1047D000FCF772FF28464FF40071FCF767FF824632
:1047E00028464FF480710022FCF766FF28464FF4FC
:1047F00080710122FCF760FF28464FF40071FCF73E
:1048000055FF834628464FF480710022FCF754FF81
:1048100028464FF480710122FCF74EFF28464FF4E2
:104820000071FCF743FF044628464FF480710022D4
:10483000FCF742FF28464FF480710122FCF73CFF51
:1048400028464FF40071FCF731FF064628464FF426
:1048500080710022FCF730FF28464FF4807101225E
:10486000FCF72AFF28464FF40071FCF71FFF0746AC
:1048700028464FF480710022FCF71EFF28464FF4B3
:1048800080710122FCF718FF28464FF40071FCF7F5
:104890000DFF804628464FF480710022FCF70CFF84
:1048A00028464FF480710122FCF706FF28464FF49A
:1048B0000071FCF7FBFE814628464FF48071002210
:1048C000FCF7FAFE0198B8B128464FF400710022B7
:1048D000FCF7F2FE28464FF480710122FCF7ECFE53
:1048E00028464FF480710022FCF7E6FE28464FF47C
:1048F0000071012210E000BF28464FF40071012230
:10490000FCF7DAFE28464FF480710122FCF7D4FE52
:1049100028464FF480710022FCF7CEFE0298002852
:1049200018BF0120BAF1000F18BF4FF0010A4AEA80
:1049300040008000BBF1000F18BF4FF0010B40EAB0
:104940004B00002C18BF012420448000002E18BF0B
:10495000012640EA4600002F18BF01273844800096
:10496000B8F1000F18BF4FF0010840EA4800B9F154
:10497000000F18BF4FF001094844C0B203B0BDE8B2
:10498000F08F0000B0B540F60044C4F201040546C3
:10499000C20920464FF40071FCF78EFE20464FF40A
:1049A00080710122FCF788FE20464FF480710022BE
:1049B000FCF782FEC5F3801220464FF40071FCF72D
:1049C0007BFE20464FF480710122FCF775FE2046E5
:1049D0004FF480710022FCF76FFEC5F340122046B1
:1049E0004FF40071FCF768FE20464FF480710122FD
:1049F000FCF762FE20464FF480710022FCF75CFE5B
:104A0000C5F3001220464FF40071FCF755FE204616
:104A10004FF480710122FCF74FFE20464FF4807165
:104A20000022FCF749FEC5F3C00220464FF4007196
:104A3000FCF742FE20464FF480710122FCF73CFE59
:104A400020464FF480710022FCF736FEC5F3800249
:104A500020464FF40071FCF72FFE20464FF4807182
:104A60000122FCF729FE20464FF480710022FCF75A
:104A700023FEC5F3400220464FF40071FCF71CFEF4
:104A800020464FF480710122FCF716FE20464FF4B9
:104A900080710022FCF710FE05F0010220464FF461
:104AA0000071FCF709FE20464FF480710122FCF7EB
:104AB00003FE20464FF480710022FCF7FDFD2046E6
:104AC0004FF400710122BDE8B040FCF7F5BD0000D5
:104AD00010B540F60044C4F2010420464FF40071C2
:104AE0000122FCF7E9FD20464FF480710122FCF71A
:104AF000E3FD20464FF400710022FCF7DDFD204667
:104B00004FF480710022BDE81040FCF7D5BD0000D5
:104B100010B540F60044C4F2010420464FF4007181
:104B20000022FCF7C9FD20464FF480710122FCF7FA
:104B3000C3FD20464FF400710122BDE81040FCF790
:104B4000BBBD0000B0B540F60044C4F201042046ED
:104B50004FF400710122FCF7AFFD20464FF4807145
:104B60000122FCF7A9FD20464FF40071FCF79EFDE1
:104B70000546002820464FF480714FF0000218BF10
:104B80000125FCF799FD2846B0BD0000B0B586B000
:104B90000020CDE90400CDE9020041F21800C4F282
:104BA0000200016840F6000441F004010160016860
:104BB000C4F2010401F0040101910199016802AD00
:104BC00041F0080101600068294600F008000190EA
:104BD000019801200390032005904FF4704002904B
:104BE00004F58060FCF75AFC4FF480500290204698
:104BF0002946FCF753FC20464FF480510122FCF774
:104C00005BFD40F2F414C2F2000420460021FEF7DE
:104C10007DFC20460C21FEF779FC06B0B0BD0000FB
:104C2000B0B5012804D002280AD1402301E000BF1A
:104C3000342340F2F415C2F200052D6892B2EA5016
:104C400051B1012912D101281ED0022844D14FF4BC
:104C500000444FF480411BE0012829D0022818BFEE
:104C6000B0BD4FF400444FF4804125E040F60040D1
:104C7000C4F20100A0F580604FF480510022BDE82D
:104C8000B040FCF719BD00BF4FF400544FF4805101
:104C900040F60045C4F2010528460022FCF70CFD51
:104CA000284621460122BDE8B040FCF705BD00BF03
:104CB0004FF400544FF4805140F60045C4F2010512
:104CC00028460122FCF7F8FC284621460022BDE8D0
:104CD000B040FCF7F1BC00BFB0BD000010B5FFF75D
:104CE00027FD6B20802100F08FF86420FCF7B4FBD7
:104CF0006B20002100F088F81B20182100F084F8B8
:104D00001C20002100F080F81920132100F07CF80D
:104D10001A20042100F078F83820002100F074F8FF
:104D20006A20002100F070F82320002100F06CF8C8
:104D30003720802100F068F8FFF7CAFED020FFF787
:104D400021FEFFF7FFFE7520FFF71CFEFFF7FAFEBE
:104D5000FFF7BEFED120FFF715FEFFF7F3FE0020A0
:104D6000FFF718FD0446FFF7D3FE682C1CBF012097
:104D700010BD6B20012100F047F86C2000210024B9
:104D800000F042F81920132100F03EF81A20042107
:104D900000F03AF8204610BDF0B581B01C4615462B
:104DA0000E460746FFF794FE7F00F8B2FFF7EAFDD4
:104DB000FFF7C8FE30B10124FFF7AAFE204601B07C
:104DC000F0BD00BF3046FFF7DDFDFFF7BBFEFFF78C
:104DD0007FFE47F00100C0B2FFF7D4FDFFF7B2FE3F
:104DE00006E000BF0020FFF7D5FC04F8010B013DF1
:104DF000E8B20128F6D008B10120F4E70024FFF75B
:104E000087FE204601B0F0BDB0B50C460546FFF761
:104E10005FFED020FFF7B6FDFFF794FE20B1FFF74D
:104E200077FE0120B0BD00BF2846FFF7ABFDFFF7BE
:104E300089FE2046FFF7A6FDFFF784FE0446002802
:104E400018BF0124FFF764FE2046B0BDF0B581B065
:104E50001C4615460E460746FFF73AFE7800C0B2DC
:104E6000FFF790FDFFF76EFE30B10124FFF750FE13
:104E7000204601B0F0BD00BF3046FFF783FDFFF7CD
:104E800061FE4DB114F8010BFFF77CFDFFF75AFEF0
:104E90000028EAD1013DF5D10024FFF739FE204674
:104EA00001B0F0BDB0B584B040F2A40042F20041C0
:104EB000C2F20000C4F2010100244FF46022012577
:104EC00004730475C261C0E9001484600561FCF7D5
:104ED0004DF8002818BFFBF787FF40F2A400C2F28C
:104EE000000001A9CDE901450394FBF783FF0028E9
:104EF00018BFFBF779FF04B0B0BD000080B582B0E9
:104F000041F21400C4F202000168002241F00101E4
:104F100001600068002100F00100019001980C2060
:104F2000FDF736F90C20FDF721F90D2000210022B4
:104F3000FDF72EF90D20FDF719F9102000210022B0
:104F4000FDF726F9102002B0BDE88040FDF70EB94C
:104F50002DE9F04786B0002741F21800CDE904772B
:104F6000CDE90277C4F20200016840F6000A41F080
:104F7000040101600168C4F2010A01F00401019119
:104F800001990168002241F00801016000684FF4B6
:104F9000815100F008000190019850464FF481586B
:104FA000FCF78AFB0AF5806420464FF201010022DB
:104FB0004FF20109FCF780FB102002AECDE9020799
:104FC000504631460497FCF769FACDF808804FF057
:104FD0000108022550463146CDE903870595FCF7C7
:104FE0005DFA20463146CDE90298CDE90475FCF71B
:104FF00055FA202002900020C1F21100CDE90307EC
:1050000020463146FCF74AFA172000210022FDF71E
:10501000BFF81720FDF7AAF806B0BDE8F08700003A
:1050200080B540F2A01045F20041C2F20000C4F287
:10503000000148F2A06200234FF4804CC0F201024C
:1050400080E80E00C0E9033CC0E90533C0E907333E
:10505000FCF712FF002808BF80BDBDE88040FBF7C9
:10506000C3BE000070B59CB042F6004540F2F4109B
:10507000C4F201050021C2F200003F2240F2F31306
:1050800080261691CDE914111191CDE90F11CDE9CA
:105090000D11CDE90B11CDE90911CDE90711CDE9CC
:1050A0000511CDE90311CDE90111C0E90052C0E9B4
:1050B0000213C0E904118661FDF7AEFC002818BF99
:1050C000FBF792FE4FF48050139040F2F410C2F2BE
:1050D000000013A9FDF7A6FD002818BFFBF784FE0A
:1050E00040F2F410C2F20000FEF78EF9002818BF5B
:1050F000FBF77AFE40F2F4100024C2F2000010A97F
:10510000CDE91044FDF748FC002818BFFBF76CFE02
:105110006020CDE9090440F2F410C2F2000009A9B0
:105120000022CDE90B44CDE90D440F94FEF76AF857
:10513000002818BFFBF758FE40F2F410C2F200003E
:1051400009A90C22FEF75EF8002818BFFBF74CFEF9
:1051500040F2F4144FF40050C2F20004002606900E
:1051600001A920460596CDE90366CDE901660896BA
:10517000FDF7ECFB002818BFFBF736FE2068CDE9F1
:105180001A66A8421996189602D01CB070BD00BFCE
:1051900041F21800C4F20200016841F0040101600C
:1051A000006818A900F00400179017984FF41060D9
:1051B0001890022019901B90A5F51050FCF76EF97D
:1051C0001CB070BD80B586B040F23C200021C2F218
:1051D00000004FF080423F234FF47A7C0591CDE9E7
:1051E0000311CDE90011C0E90023C0E9021C0161EF
:1051F0008161FDF711FC002818BFFBF7F5FD4FF4A6
:105200008050029040F23C20C2F2000002A9FDF75B
:1052100009FD002818BFFBF7E7FD40F23C20C2F271
:1052200000006946FDF7B8FB002818BFFBF7DCFD5E
:1052300006B080BD80B58CB040F2842040F20042C0
:105240000021C2F20000C4F20002C0E90021802265
:105250004FF6FF7382610122CDE90011C0E902130C
:105260000161CDE90321CDE90521CDE90711CDE9A2
:1052700009210B9103A9FDF7A5FD002818BFFBF735
:10528000B3FD40F28420C2F200006946FDF784FBC2
:10529000002818BFFBF7A8FD0CB080BD80B58CB00E
:1052A00040F2CC2040F600020021C2F20000C4F21D
:1052B0000002C0E9002180224FF6FF7382610122C3
:1052C000CDE90011C0E902130161CDE90321CDE967
:1052D0000521CDE90711CDE909210B9103A9FDF7BE
:1052E00071FD002818BFFBF77FFD40F2CC20C2F211
:1052F00000006946FDF750FB002818BFFBF774FD5E
:105300000CB080BD80B540F2143043F60001C2F20B
:105310000000C4F2010100234FF00C0C4FF4E13205
:1053200080E80E00C0E90333C0E905C3C361FEF79E
:1053300033FC002808BF80BDBDE88040FBF754BDAA
:1053400080B540F25C3044F20041C2F20000C4F289
:10535000000100234FF00C0C4FF4E13280E80E0006
:10536000C0E90333C0E905C3C361FEF715FC00289B
:1053700008BF80BDBDE88040FBF736BD80B540F278
:10538000A43044F60001C2F20000C4F20001002380
:105390004FF00C0C4FF4E13280E80E00C0E903330B
:1053A000C0E905C3C361FEF7F7FB002808BF80BD55
:1053B000BDE88040FBF718BDFEE70000FEE70000F7
:1053C0007047000070470000FCF768BE704700009F
:1053D00040F2F410C2F20000FDF76ABE40F2F41091
:1053E000C2F20000FDF764BE40F2F410C2F2000009
:1053F000FDF75EBE40F2F410C2F20000FDF758BEA9
:1054000040F23C20C2F20000FDF752BE40F2CC2038
:10541000C2F20000FDF74CBE406A0021C185C18484
:10542000FEF700B981B090F84210222921D183689B
:105430000246B3F5805F09D152F8281F52F8183C94
:10544000002B63D003685B680AE000BF52F8281F96
:1054500013B90369002BF5D003685B6803F07F0381
:105460000B70116801311160C18D01390A04C185C9
:1054700002D001B0704700BF0168CA6822F0200264
:10548000CA60CA6822F48072CA604A6922F00102C6
:105490004A61202180F8421000214163026B012AF9
:1054A0003CD10163016851E8031F026821F010013B
:1054B00042E80313DBB1016851E8031F026821F0E1
:1054C000100142E8031393B1016851E8031F026819
:1054D00021F0100142E803134BB1016851E8031FAA
:1054E000026821F0100142E80313002BDAD10168B1
:1054F0000A68D20606D5002200920A68009249681E
:1055000000910099818D01B0FEF78AB80268526857
:105510006FF35F2221F8022B8162A5E701B0FEF74D
:10552000B7BC000040F21430C2F20000FEF77CB8B5
:1055300040F25C30C2F20000FEF776B840F2A430D0
:10554000C2F20000FEF770B8FEE70000F0B587B0C9
:1055500004464CF60220C0F6E3100DF10605CDF826
:105560000600682004212A4602F0FCFB14F04001EA
:105570004FF0A3006FF03F018DF8060008BF6FF0F9
:105580005C016FF037026FF03D0308BF6FF05C0203
:1055900008BF6FF05C038DF8071014F4C0716FF052
:1055A0003B018DF808208DF8093008BF6FF05C01D1
:1055B0006FF033026FF0390308BF6FF05C0208BF71
:1055C0006FF05C038DF80A104AF2A3318DF80B20BE
:1055D000ADF80D108DF80F0040F6A7200A212A46DD
:1055E0008DF80C3002F0BEFB2020A60708BF6FF03C
:1055F00027008DF8060040F6B62001212A4602F069
:10560000B1FBA0060CD4C720069048F6B000CCF23F
:10561000C35005904AF6B820CAF6AA200BE000BF96
:105620005D20069049F6B400C3F20D5005904AF68D
:10563000B820C8F6B350049004AA4FF4976009212B
:1056400002F090FB14F4C07F25D06FF04D016FF095
:10565000740214F4807008BF6FF04F0108BF6FF040
:105660007F026FF049036FF0640508BF6FF04B03D2
:10567000002808BF6FF06F058DF806108DF8072021
:105680000DF1060240F6A22004218DF808308DF8B5
:10569000095002F067FBE00708D1D8208DF806001A
:1056A0000DF106024FF40B60012150E0F8208DF857
:1056B00006000DF106024FF40B60012102F052FBCF
:1056C0000720FA2100F0F6FA3F208DF8100004AA16
:1056D0004FF4A470012102F045FB00208DF810006A
:1056E00004AA40F24F10012102F03CFB4FF4A050FD
:1056F000ADF8100004AA4FF4EF70022102F032FB63
:105700004FF4C840ADF8100004AA4FF4ED70022128
:1057100002F028FB48F60060C9F2F900049004AAE0
:105720004FF4AE70042102F01DFB4FF40060ADF8A1
:10573000100004AA4FF4AD70022102F013FB4FF4E5
:105740000070ADF8100004AA4FF4AC70022102F012
:1057500009FB6FF02600002E58BF6FF027008DF870
:1057600006000DF1060240F23D70012102F0FAFA46
:10577000600752BF4FF08B304CF2C020CCF2C460B7
:10578000049004AA40F69820042102F0EBFA01F0FC
:10579000FDFAE00652BF4FF0A33042F62000C3F6F8
:1057A0003000049004AA40F69E20042102F0DAFAA8
:1057B00001F0ECFA40F2600744F00800C2F2000782
:1057C0006506B88001F0E2FA062000EAE57114F4FB
:1057D000C07F18BF063114F0140F18BF1031002E0F
:1057E00018BF04310020397007B0F0BD49F29801AC
:1057F000C0F6000140F6F6304FF48062C82301F095
:10580000ABB800002DE9F04F89B040F260091446B2
:10581000DDE912B2C2F200090F468046002199F874
:1058200000000DF1040AABF8001051461E4601F0CD
:105830004DFA28B14FF0FF3009B0BDE8F08F00BF3E
:10584000B9F804C01CF0140F50D09DF80520B646DE
:105850009DF80410BDF8066012049DF8095042EA54
:10586000016132BA9DF8083041EA1242BDF80A607F
:1058700022602A0442EA036233BA42EA13436360B5
:105880009DF80D309DF80C60BDF80E501B0443EAE6
:1058900006632EBA43EA16461214A6609DF81160FC
:1058A000091452439DF8105001FB012136041A14CB
:1058B00046EA056602FB02113214BDF8120002FB33
:1058C000021100BA01F1714146EA1040B1F1007FC6
:1058D000E06069D8BBF80000102140F48070764683
:1058E000ABF800005FEA4C6004D420E000215FEADE
:1058F0004C601CD50AEB01001AF8012043783446AD
:105900008678C57890F804E0407943EA02223A802C
:1059100045EA062240EA0E207A80B880BBF80000F3
:10592000264641F0060140F00800ABF800001CF4E8
:10593000C07F18D03AF801000AEB010200BA538880
:10594000000CA8F8000018BA9288000CA8F8020011
:1059500010BA000CA8F80400BBF80000063140F0B3
:105960007000ABF800005FEA8C7016D00AEB0105FE
:105970006878EC78C10709D0D9F8082032B104F072
:105980000700411CC4F3C20090476878000704D5A3
:10599000D9F80C1009B1A0098847304600F0FCFC8A
:1059A000002009B0BDE8F08F01F0F0F90020ABF85D
:1059B00000004FF0FF3009B0BDE8F08F10B584B0A3
:1059C00004460DF1020000F0C5FE40F29C00C2F258
:1059D00000000088BDF802C000F00302430754F83D
:1059E00022204FF00C0348BF524203EA50038106C5
:1059F000E358C0F3811148BF5B4254F82110C00541
:105A000048BF49424FEACC3080FB02C480FB03E22E
:105A100080FB01014FEA9C73800F43EA840C4FEA3C
:105A20009E7340EA810EA00D8DF80400A00B8DF846
:105A30000500A0098DF80600900D8DF80800900B68
:105A40008DF8090090098DF80A00880D8DF80C007A
:105A5000880B8DF80D00880943EA82038DF80E004B
:105A600001AA4FF425700C218DF807C08DF80B307A
:105A70008DF80FE002F076F904B010BD10B586B0D5
:105A80004AF6BB71CDF6DF7105914FF2AA11CDF642
:105A9000DF7104914FF2FE21CCF2AB41C828039193
:105AA00018D80446C0B2C821B1FBF0F0002101387B
:105AB0008DF804108DF8050001AA40F2162002218D
:105AC00002F050F930B903AA40F6C1200C2102F0CF
:105AD00049F918B14FF0FF3006B010BD40F2A000F8
:105AE000C2F200000480002006B010BDF0B581B005
:105AF00040F29C01C2F200010E880C2306F0030163
:105B00004EF2093450F8211003EA5603C0F2CA24B9
:105B1000720748BF4942C758C6F3811381FB04127C
:105B200050F82350F0054FEA91704FEA925148BF68
:105B30006D428DF80010910B40EA82008DF8011043
:105B400091098DF802108DF803006A464FF47470C5
:105B5000042102F007F9E0B9B00648BF7F42A7FB75
:105B60000401FA1702FB0411800F8A0D40EA81003C
:105B70008DF800208A0B89098DF801208DF802101C
:105B80008DF803006A464FF47570042102F0EAF8BC
:105B900020B14FF0FF3001B0F0BD00BF85FB040124
:105BA000800F40EA8100010E8DF80010010C8DF885
:105BB0000110010A8DF802108DF803006A464FF4B7
:105BC0007670042102F0CEF801B0F0BDB0B582B01D
:105BD000054649F26301C0F60001C5F3C10300F0B8
:105BE0000300CC5C0A5C8DF8054049F260048DF836
:105BF0000420C5F38112C0F60004895C205C8DF896
:105C000006108DF80000E05CA15C8DF801008DF8B5
:105C1000021001AA40F22640032102F0A3F850BB73
:105C20006A4640F22A40032102F09CF818BB45F274
:105C30003660C0F27600019044F22660C0F2660041
:105C4000690700901CD4A80622D4E80505D5772062
:105C50008DF8060067208DF8020001AA4FF48860D5
:105C6000032102F07FF830B96A4640F23140032147
:105C700002F078F8B0B14FF0FF3002B0B0BD00BF15
:105C800037208DF8040027208DF80000A806DCD509
:105C900057208DF8050047208DF80100E805D6D47F
:105CA000DBE700BF40F29C00C2F20000058000204C
:105CB00002B0B0BDF0B583B00446B1F5C86F4FF087
:105CC000FF3055D814F0070252D00846FAF707FD06
:105CD0000021C4F24831FAF7EDFA05460DF107004C
:105CE00000F01CFD9DF8070002384FEA7002072AF9
:105CF0004FF0FF303CD80026C4F240664FF08D4193
:105D0000DFE802F01504360A363636100026C4F2F3
:105D1000C0564FF08C410AE00026C4F240564FF0C6
:105D20008B4104E00026C4F2C0464FF08A41284669
:105D3000FAF78EFA074628463146FAF789FAFAF753
:105D4000D3FC06463846FAF7CFFC010A8DF8081056
:105D50008DF80900300A02A98D1C8DF80A00E007B1
:105D60008DF80B6006D1A00714D4600722D4002060
:105D700003B0F0BD02AA4FF4EA70022101F0F2FF75
:105D800038BB4FF4927002212A4601F0EBFF00BBB2
:105D9000E9E700BF02AA4FF4EC70022101F0E2FF34
:105DA000B8B94FF4947002212A4601F0DBFF80B9A4
:105DB000DBE700BF02AA4FF4EE70022101F0D2FF30
:105DC00038B94FF4967002212A4601F0CBFF002823
:105DD000CDD04FF0FF3003B0F0BD000080B582B0F1
:105DE000019040F21430C2F2000001A901224FF0EC
:105DF000FF33FEF74FF8019802B080BD2DE9F04F58
:105E000085B040F22407C2F200070C460546012087
:105E1000D7E90313ADF808001878897C164602AB61
:105E20000222FFF713F8002840F0C280C820FBF7D9
:105E300013FB0020D7E903128DF808001078C97B06
:105E400002AB0122FFF702F8002840F0B180D7E949
:105E5000031002AB007849790122FEF7F7FF002812
:105E600040F0A680D7E9031002AB0078897C0122BC
:105E7000FEF7ECFF002840F09B80D7E9031002AB4F
:105E80000078C97D0122FEF7E1FF002840F09080F4
:105E9000D7E9031002AB007809790122FEF7D6FF9B
:105EA000002840F085800C20D7E903128DF8080007
:105EB0001078097902AB0122FEF7C8FF002877D1DC
:105EC0000F20FBF7C9FA786BD7E90312407A89787B
:105ED0008DF80800107802AB0122FEF7B7FF00280A
:105EE00066D1786BD7E90312007A49788DF80800FB
:105EF000107802AB0122FEF7A9FF002858D1786B79
:105F0000D7E90312807A002E18BF40F0E0008DF828
:105F100008001078897902AB0122FEF797FF00286C
:105F200046D12EB1786BC07A60F01F0001E000BF4F
:105F30001820D7E903128DF808001078C97902AB50
:105F40000122FEF783FF98BB16B1C820FBF784FA45
:105F50004020D7E903128DF808001078097902ABC8
:105F60000122FEF773FF18BB7820D7E903128DF8E2
:105F700008001078497902AB0122FEF767FFB8B933
:105F80003220FBF769FA0020D7E903128DF80800E8
:105F90001078497902AB0122FEF758FF40B9D7E9E2
:105FA000031002AB0078897A0222FEF7F5FE28B1D1
:105FB0004FF0FF3005B0BDE8F08F00BFBDF808001E
:105FC0004AF6AB2100BA000C4843C0F3C742002197
:105FD000002AC5E90011A960C4E900110192A1607D
:105FE00044D0C00C00260DF108095FFA80FBD7E908
:105FF00003100C220078C97A4B46FEF7CDFE00282C
:10600000D6D1BDF80A10BDF80800BDF80C2091FAF1
:1060100081FEA16890FA80FC12BAD4E9003001EB4D
:10602000224103EB2C4300EB2E40A160BDF8101081
:10603000C4E90030BDF81220BDF80E0091FA81FCD1
:10604000D5E9003192FA82FEAA68013600BA01EB66
:106050002C48F1B203EB204002EB2E4A5945C5E92A
:106060000008C5F808A0C2D302E000BF95E801050A
:10607000C117090441EA1041000483220023FAF702
:1060800051F8019F00233A46FAF74CF828604FEA8E
:10609000E870000440EA18414FEA084083220023D8
:1060A000FAF740F83A460023FAF73CF868604FEAFE
:1060B000EA70000440EA1A414FEA0A4083220023B2
:1060C000FAF730F83A460023FAF72CF8A860D4E93A
:1060D0000006A568C117490141EAD06140013A466E
:1060E0000023FAF71FF82060F017400140EAD6615C
:1060F00070013A460023FAF715F86060E81740018E
:1061000040EAD56168013A460023FAF70BF80146E8
:106110004FF480320029C4BF0022CFF6FF72114431
:106120000020A16005B0BDE8F08F000090F90010DC
:1061300000290DDD002190F90320002A10DD002246
:1061400090F90630002B13DD0020114308437047FF
:1061500018D490F9011000291EDD0121EBE700BFE2
:1061600012D490F90420002A1EDD0822E8E700BFBF
:106170000CD490F90730002B1EDD4020114308435A
:10618000704700BF0421D6E72022D9E74FF4807082
:1061900011430843704700BF18D490F9021000293A
:1061A0001EDD0221C7E700BF12D490F90520002AA6
:1061B0001CDD1022C4E700BF0CD490F908000028B1
:1061C0001ADD802011430843704700BF0521B2E764
:1061D0002822B5E74FF4A07011430843704700BF71
:1061E0004FF0060108BF0721A5E700BF4FF03002BE
:1061F00008BF3822A4E700BF4FF4C07008BF4FF4B7
:10620000E07011430843704770B594B0FBF754FF3A
:1062100000240120CDE90F44CDE90D440E9010205B
:106220000F904FF46010022513900AA8CDE90B449B
:106230000494CDE902440A95CDE91154FCF76CF9B8
:1062400020B1EFF3108072B6FEE700BF0F20CDE95A
:1062500005054FF48060CDE9080405A802210794E4
:10626000FCF754F820B1EFF3108072B6FEE700BFE0
:10627000022001904FF40040039001A8FBF7C4FFF7
:1062800020B1EFF3108072B6FEE700BFFEF760FEAC
:10629000FEF734FEFEF706FEFEF7C2FEFEF7E2FE54
:1062A000FEF7C8FFFEF7FAFFFFF72CF8FFF748F8F4
:1062B000FFF764F8FEF786FFFEF710FD30B11EA071
:1062C00002F01CFE002014B070BD00BF20A002F040
:1062D00015FE00F0A3F928B122A002F00FFE002065
:1062E00014B070BD26A002F009FEFEF74FFC40F28C
:1062F0008420C2F200003C21FCF77AFE40F2CC2060
:10630000C2F200003C21FCF773FE40F23C20C2F2D6
:106310000000FCF74FFC40F27000C2F2000000F1F8
:10632000200400F1240500F1280600BF204629467C
:10633000324600F087F8F9E70D0A4D50555F496E77
:106340006974206572726F722121210D00000000B6
:106350000D0A4D50555F496E6974206F6B212121E4
:106360000D0000000D0A6D70755F646D705F696EE1
:106370006974206572726F722121210D0000000086
:106380000D0A6D70755F646D705F696E6974206F62
:106390006B2121210D00000070470000F0B581B095
:1063A00040F22404C2F2000494F8301011B100202D
:1063B00001B0F0BDA27D62B300F0FE063240257F41
:1063C000901B94F8201018BF4FF0FF30002E22775A
:1063D00008BF002922D0617F99B90121D4E9033295
:1063E0008DF802101278D97B0DF102030746104692
:1063F0000122FEF72BFD0146384611B99DF8021027
:106400006177EEB1064600F0C1FC01463046B9B1F5
:1064100025774FF0FF3001B0F0BD00BF05460020EA
:10642000D4E903128DF803001078C97B0DF1030342
:106430000122FEF70BFD10B99DF803006077284696
:1064400001B0F0BD2DE9F04F8FB0144689460746E4
:106450000DF129060DF12A050DF132000BA906AA4E
:106460000EABCDE90056FFF7CDF918B101200FB002
:10647000BDE8F08FBDF82A00C00503D402200FB09C
:10648000BDE8F08F06980594DDE90746099DFAF707
:106490001DF94FF04251F9F7DBFE80462046FAF72E
:1064A00015F94FF04251F9F7D3FE82463046FAF71C
:1064B0000DF94FF04251F9F7CBFE04462846FAF7A2
:1064C00005F94FF04251F9F7C3FE834650464FF0AD
:1064D0004041F9F7BDFE0646CDE903084046414676
:1064E000F9F75EFE21468046F9F7B2FE05463046D2
:1064F0005946F9F7ADFE2946F9F752FEFAF721F9A8
:1065000002F0E6F94AF26663C4F24C034FF06632D9
:10651000F9F7B5FFFAF728F9386020462146F9F770
:106520003FFE064640465146F9F792FE0546304684
:106530005946F9F78DFE2946F9F732FEFAF701F9C7
:1065400005460F4620463146F9F782FE0646039877
:106550005146F9F77DFE3146F9F774FE4FF07E5152
:10656000F9F71EFEFAF7EDF802460B4628463946C3
:1065700002F0F6FB4AF26668C4F24C084FF066324D
:106580004346F9F77CFFFAF7EFF8049FC9F80000DB
:1065900038465946F9F75CFE054650462146F9F75C
:1065A00057FE2946F9F7FCFD0146F9F7F9FDFAF720
:1065B000C8F80546894650465146F9F749FE064651
:1065C00038463946F9F744FE3146F9F7E9FD064603
:1065D00020462146F9F73CFE01463046F9F732FEE7
:1065E000044658465946F9F733FE01462046F9F766
:1065F00029FEFAF7A6F802460B462846494602F05D
:10660000AFFB4FF066324346F9F739FFFAF7ACF8C3
:106610000599086000200FB0BDE8F08F70B582B01A
:10662000FEF786F800F0B6F810B10A2002B070BD8F
:10663000782001F023FB000602D0012002B070BDDB
:1066400040F22404C2F2000494F8300040B1642007
:1066500001F070FA000623D0032002B070BD00BF25
:10666000A07DA8B3617F257F00F07806267779B9F1
:106670000120D4E903128DF807001078C97B0DF1D1
:1066800007030122FEF7E2FB10B99DF807006077CF
:1066900000F07CFBD0B12577022002B070BD00BFB6
:1066A000FFF7A4F8000603D0042002B070BD00BFBD
:1066B00040F22400C2F20000FFF738FDFFF786FA2F
:1066C000000609D0052002B070BD00BF782EBED0F4
:1066D000022002B070BD00BF40F27310FEF736FF1B
:1066E000000603D0062002B070BD00BF6420FFF793
:1066F000C5F9000602D0072002B070BD01F072FBA0
:1067000010B1082002B070BD012001F055F9C0B2EF
:10671000002818BF092002B070BD000040F224011B
:10672000C2F200014A7D032A84BF4FF0FF30704758
:1067300040F20243D200C1F20803D3400370C97F84
:1067400029B140F60401C2F21001D14001700020CD
:106750007047000040F22401C2F200014A7D032A82
:1067600084BF4FF0FF30704706A333F81230C97F63
:106770000FF2180C3CF812200029038018BF028089
:106780000020704700409C1F001000080020CE0F22
:106790000008000410B582B040F22404C2F20004E4
:1067A0008020D4E903128DF801001078897C0DF166
:1067B00001030122FEF74AFBC8B96420FAF74CFE38
:1067C0000020D4E903128DF801001078897C0DF1C6
:1067D00001030122FEF73AFB48B9D4E903100DF199
:1067E00001030078897D0622FEF7D6FA20B14FF02A
:1067F000FF3002B010BD00BF9DF806209DF80200DA
:106800009DF80410042303EA820261F3410200F0C0
:106810000100111806D001292DD0022920D1002015
:106820002AE000BFD4E903100DF101030078C97814
:106830000122FEF7B1FA0028D9D19DF8010000F03D
:106840000F00042814D00028E9D149F6B540C0F65D
:10685000000002F053FB4FF0FF3002B010BD00BF4C
:1068600033A001F039FB4FF0FF3002B010BD00BF84
:1068700027A002F043FB0120E0774FF6FF70608312
:10688000FF202077A0774FF0FF3060610020C4E93F
:106890000800A062A085C4F82F0084F833001820F7
:1068A0008DF80700D4E903100122007889790DF1F1
:1068B0000703227684F82E20FEF7C8FA002896D126
:1068C0009DF80700C0082075022000F0B1FF0028E5
:1068D0008DD12A2001F0E0F800287FF488AF322023
:1068E00001F028F900287FF482AF0020FFF756FD61
:1068F00000287FF47CAF002000F0E6FF00287FF442
:1069000076AF002001F0BAF9002002B010BD00BF40
:1069100048616C662073656E736974697669747911
:10692000207061727420666F756E642E0000000026
:10693000556E737570706F7274656420736F6674D2
:10694000776172652070726F64756374207265760A
:106950002025642E0A0000002DE9F04F8BB006467A
:1069600000294FF0FF3000F08F8040F22405C2F282
:1069700000050C4695F83110002940F08580002E66
:10698000CDE9013266D04FF00008CDE903641FFA6B
:1069900088FAA6EB0A09A87DB9F1100FA8BF4FF03D
:1069A0001009002864D028695FFA88F11FFA89F37A
:1069B000428903EB010B98FA88F193454FEA1141A4
:1069C0000593ADF82A1053D8E9680078097E0222B1
:1069D0000DF12A03FEF73AFA002849D1D5E9031050
:1069E00004EB0A060078497D5FFA89F422463346B3
:1069F0002F46FEF72BFAD8BBB87DC8B338693B46A3
:106A000042894FEA1A2193458DF82A108DF82B8080
:106A10002ED8D9680078097E02220DF12A03FEF7EC
:106A200015FA28BBD5E9031022460078497D0DF1FF
:106A30001A042346FEF7B0F9D0B9059A304621462C
:106A4000F9F7A1FB20BBC844039E1FFA88F0049C01
:106A5000B0429CD30298D5E9031240BAADF82A009F
:106A60001078897E0DF12A030222FEF7EFF928B192
:106A70004FF0FF300BB0BDE8F08F00BF012085F86C
:106A800031000198688600200BB0BDE8F08F00BF90
:106A90006FF001000BB0BDE8F08F0000282884BF24
:106AA0004FF0FF30704770B584B040F224040028E6
:106AB000C2F2000448D094F82F10012921D00546D5
:106AC000A07F94F82E103222002808BF30228DF8C3
:106AD0000A2039B16FF04D01002808BF6FF04F0157
:106AE0008DF80A10D4E903100DF10A030078097D2E
:106AF00001220126FEF7AAF90028284608BF84F8DB
:106B00002F60202101288DF8071057D1A07D00218A
:106B100000288DF8081000F09D80E07D06210628F1
:106B20008DF80B1000F09680D4E903100DF10B03E3
:106B3000007889780122FEF789F9002840F08A80E0
:106B40009DF80B0085E000BF94F82F0000B3A07FF4
:106B500094F82E100246002818BF012252008DF82A
:106B6000092039B16FF07D01002808BF6FF07F0167
:106B70008DF80910D4E903100DF109030078097D9F
:106B80000122FEF763F9002804BF002084F82F00DB
:106B90004FF4E060D4E90312ADF807001078897C67
:106BA0000DF107030222FEF751F9002806BF00206D
:106BB00084F820004FF0FF3004B070BD052817D8CE
:106BC000A07D012100288DF8081043D0E07D06212A
:106BD00006288DF80C103DD0D4E9031003AB0078E3
:106BE00089780122FEF732F9A0BB9DF80C0030E055
:106BF000142817D8A07D02218DF8081050B3E07D2D
:106C0000052105288DF80D1024D0D4E903100DF1CD
:106C10000D03007889780122FEF718F9D0B99DF8A4
:106C20000D0016E0A07D03218DF8081090B1E07DE5
:106C3000042104288DF80E100CD0D4E903100DF1B6
:106C40000E03007889780122FEF700F910B99DF84B
:106C50000E00E0759DF80800D4E9031280010730AA
:106C60008DF808001078897C0DF107030222FEF7E9
:106C7000EDF818B14FF0FF3004B070BD94F830104B
:106C80000820A075002000294FF00101207684F82B
:106C900020107FF491AF617F207719B1002004B0FC
:106CA00070BD00BF0120D4E903128DF80F001078E9
:106CB000C97B0DF10F030122FEF7C8F80028EDD1C2
:106CC0009DF80F006077002004B070BD2DE9F04101
:106CD00082B040F22407C2F2000797F83030044631
:106CE000002B4FF0FF3045D0BB7D002B42D00D462E
:106CF000D7E9031016460078897A0DF106030222BF
:106D0000FEF74AF820B14FF0FF3002B0BDE8F08145
:106D1000BDF8061008BAB4EB104F07D90020307048
:106D20004FF0FF3002B0BDE8F08100BF386991FA42
:106D300091F84288B8EB520F0ED9F9680078497C77
:106D40000DF106030122FEF727F80028DBD19DF89C
:106D50000600C00612D43869F9680078C97AE2B230
:106D60002B46FEF719F80028CDD1B8FBF4F0013816
:106D70003070002002B0BDE8F08100BF00F006F8DE
:106D80006FF0010002B0BDE8F081000010B582B0E4
:106D900040F22404C2F20004A07D00B30020D4E934
:106DA00003128DF807001078C97B0DF1070301224B
:106DB000FEF74CF898B9D4E903100DF107030078F9
:106DC00049790122FEF742F848B9D4E903100DF1E0
:106DD0000703007809790122FEF738F820B14FF057
:106DE000FF3002B010BD00BF94F83000002841D041
:106DF0000C20D4E903128DF80700107809790DF101
:106E000007030122FEF722F80028E8D13220FAF722
:106E100023FBA07D0DF10703C0076FF01F0008BF23
:106E20006FF03F00D4E903128DF80700107809795C
:106E30000122FEF70BF80028D1D1607F0DF1070386
:106E4000002818BF01204000D4E903128DF8070084
:106E50001078C97B0122FDF7F9FF0028BFD100207F
:106E6000D4E903128DF80700107849790DF1070372
:106E700040E000BF0420D4E903128DF80700107829
:106E800009790DF107030122FDF7E0FF0028A6D1E3
:106E9000A07DA17FC0074FF0600008BF40200029FF
:106EA00018BF4020D4E903128DF807001078097943
:106EB0000DF107030122FDF7C9FF00288FD1322011
:106EC000FAF7CAFA607F0DF10703002818BF012006
:106ED000D4E903128DF807001078C97B0122FDF771
:106EE000B5FF00287FF47BAFD4E9031004F11C0345
:106EF000007849790122FDF7A9FF00287FF46FAFE0
:106F0000002002B010BD00002DE9F04F95B040F216
:106F10002406C2F2000696F830400F46054634B10A
:106F2000002000F049FD40F22406C2F20006307D48
:106F3000032815D849F29001C0F6000131F810106D
:106F4000707D0D91032810D900200C90F07D06284B
:106F50001BD900204FF000080990CDE907002FE071
:106F60000021707D0D910328EED80FF6B402F37F57
:106F700002EB80020FF69801002B08BF01EB8002A4
:106F800010680C90F07D0628E3D8411EB1FA81F11B
:106F90004FEA511800F07F000621C14001F00101C5
:106FA00009910E21C14001F0010108911E21C1404B
:106FB00001F0010107913E2121FA00F000F00100EB
:106FC0000690B6F81AB096F816A0367F28463946CD
:106FD0000022FEF713FF48B12846394600224FF041
:106FE0000009FEF70BFF002840F05B8311A80EA9F3
:106FF0000122CDE90A57FEF701FF48B111A80EA9F9
:107000000122FEF7FBFE18B14FF0000949E300BF73
:1070100040F22400C2F20000006914AB00780D2198
:107020000422CDF814A0CDE90364FDF7B5FECDE947
:10703000018B58B30B980E990068401A48BF404224
:10704000F9F744FB4FF05E51F9F702F9074648465D
:107050000021F9F72DFB002846D138464946F9F7BB
:1070600029F90021CBF68071F9F79AF845F6294104
:1070700020F00040C3F60F61F9F7E2FA00280CBFD8
:107080004FF001084FF0000842E000BF9DF85000AB
:107090009DF851309DF853409DF852501C2707EA47
:1070A000D001C4F3011207EAD308C4F381095018D0
:1070B00008EB090607EAD50A04F0030B00F0DE80AE
:1070C000441E00F0EF80114314F00302A1F102010D
:1070D00000F0F280012A40F0F980841E4FF6AD7076
:1070E000C3F6B360FFE000BF49F69A11C3F6996199
:1070F0003846F9F7B3FA43F233310446C3F67371F5
:107100003846F9F7C7FA54EA000818BF4FF00108EB
:10711000DDF82C900F99D9F80400DDF814A0401A7E
:1071200048BF4042F9F7D2FA4FF05E51F9F790F8B4
:10713000074628460021F9F7BBFAA8B93846294680
:10714000F9F7B8F80021CBF68071F9F729F845F680
:10715000294120F00040C3F60F61F9F771FA0028C9
:1071600008BF08F1020815E043F23331C3F673712A
:10717000384608F10204F9F78DFA49F69A11002809
:10718000C3F69961384618BFA046F9F767FA002898
:1071900018BFA046D9F808001099401A48BF4042CD
:1071A000F9F794FA4FF05E51F9F752F80446304679
:1071B0000021F9F77DFAA8B920463146F9F77AF8A7
:1071C0000021CBF68071F8F7EBFF45F6294120F05E
:1071D0000040C3F60F61F9F733FA002808BF08F141
:1071E000040815E043F23331C3F67371204608F109
:1071F0000405F9F74FFA49F69A110028C3F6996188
:10720000204618BFA846F9F729FA002818BFA84653
:1072100040F22400C2F2000000690A9C007814AB1E
:107220000D210322FDF7B8FD10B107262CE200BFA7
:10723000206811999DF85020401A48BF40429DF89F
:1072400051709DF8529002F01F05F9F73FFA4FF088
:107250005E51F8F7FDFF044695B16E1E28D016F07A
:107260000301A5F102002DD0012940F07B8043F2FB
:107270003331C4F2D111064682E000BF002048E05D
:107280000021C4F220112046F9F7E8F90021054653
:10729000C4F2D2212046F9F7FDF955EA000618BFDD
:1072A000012698E041F27B40C3F6AE6031E000BFBA
:1072B0000021C4F2C8117AE041F27B40C3F6AE600F
:1072C00011E000BF0021C4F2C81159E0041F022AD6
:1072D00008BFC41E47F25E20C3F6C06004BF41F67B
:1072E0006360C3F6BA60032913D345F61D25C3F6C0
:1072F000847500BF2946F8F7ABFF2946F8F7A8FFC9
:107300002946F8F7A5FF2946F8F7A2FF043C210615
:10731000F0D10AEB0B04AEB14146B6F1010815D02D
:1073200041EA090118F00302A1F10201814613D0DC
:10733000012A40F08B804FF6AD75A6F10208C3F626
:10734000B36592E081460025A9E000BF41F27B458C
:107350008146C3F6AE65A2E041F27B45C3F6AE6559
:1073600083E000BF02294EF29A31A5F10406C4F26F
:10737000E41108BFEE1E04BF4DF2BD21C4F2DA11C4
:10738000032814D34EF25435C3F6857508462946B2
:10739000F8F75EFF2946F8F75BFF2946F8F758FF34
:1073A0002946F8F755FF043E31060146EED1204646
:1073B000F8F780FF0021CBF68071F8F7F1FE45F673
:1073C000294120F00040C3F60F61F9F739F9002890
:1073D0000CBF012600260A981299406807F01F0585
:1073E000401A48BF4042F9F771F94FF05E51F8F783
:1073F0002FFF044675B16F1E20D017F00301A5F1D1
:1074000002001FD001296BD143F23331C4F2D111F4
:10741000074673E00021C4F2D2212046B51CF9F7DB
:1074200039F900210028C4F22011204618BF2E4649
:10743000F9F714F9002818BF2E4689E00021C4F29C
:10744000C81172E00021C4F2C81157E047F25E256E
:10745000A6F10408C3F6C065022A08BFA6F1030816
:1074600004BF41F66365C3F6BA65032917D345F631
:107470001D26C3F6847600BF28463146F8F7E8FE9D
:107480003146F8F7E5FE3146F8F7E2FE3146F8F707
:10749000DFFEA8F104085FEA08610546ECD18CB173
:1074A000671E11D04AEA0B0017F00301A0F1020099
:1074B00010D0012940F08A804FF6AD76A71EC3F6A2
:1074C000B36690E00026B5E541F27B46C3F6AE66B2
:1074D000B0E500BF41F27B46C3F6AE6683E000BF75
:1074E00002294EF29A31A5F10407C4F2E41108BF53
:1074F000EF1E04BF4DF2BD21C4F2DA11032814D3EC
:107500004EF25435C3F6857508462946F8F7A0FEB5
:107510002946F8F79DFE2946F8F79AFE2946F8F71E
:1075200097FE043F39060146EED12046F8F7C2FE29
:107530000021CBF68071F8F733FE45F6294120F0A3
:107540000040C3F60F61F9F77BF8002808BF023648
:107550000A981399806809F01F05401A48BF4042F5
:10756000F9F7B4F84FF05E51F8F772FEDDF814A0A9
:1075700004467DB16F1E21D017F00301A5F1020072
:1075800020D0012948D143F23331C4F2D11107464A
:1075900050E000BF0021C4F2D2212046351DF9F78A
:1075A00079F800210028C4F22011204618BF2E4689
:1075B000F9F754F8002818BF2E4665E00021C4F200
:1075C000C8114EE00021C4F2C81133E047F25E2634
:1075D000271FC3F6C066022908BFE71E04BF41F695
:1075E0006366C3F6BA660328FFF424AD45F61D288A
:1075F000C3F6847830464146F8F72AFE4146F8F74C
:1076000027FE4146F8F724FE4146F8F721FE043FE5
:1076100039060646EED10DE502294EF29A31A5F162
:107620000407C4F2E41108BFEF1E04BF4DF2BD21F0
:10763000C4F2DA11032814D34EF25435C3F685751B
:1076400008462946F8F704FE2946F8F701FE2946C0
:10765000F8F7FEFD2946F8F7FBFD043F3906014621
:10766000EED12046F8F726FE0021CBF68071F8F720
:1076700097FD45F6294120F00040C3F60F61F8F769
:10768000DFFF002808BF0436B6FA86F04FEA50192B
:10769000B8F1000F08BF09F10209DDE90364DDE973
:1076A000018B40F224024FF6FF70C2F200025083B9
:1076B000FF200D9910774FF0FF3050610120B1F598
:1076C0007A7F107606DAFA290AD0B1F5FA7F21D14D
:1076D000082008E006D0B1F5FA6F1BD1182002E0AF
:1076E000002000E010208DF85000D2E9031014AB08
:1076F000007889790122FDF7A9FB40F22402C2F249
:10770000000218B99DF85000C0081075907D00283F
:1077100000F06C800C98C0B202384FEA7000072865
:1077200036D8DFE800F00515350D3535351D00BFBD
:1077300000208DF85000517D814218D128E000BF13
:1077400010208DF850000220517D81420FD11FE0A2
:1077500008208DF850000120517D814207D117E0AB
:1077600018208DF850000320517D814210D0D2E9BD
:10777000031014AB0078C9790122FDF767FB40F2D2
:107780002402C2F2000218B99DF85000C0085075DA
:10779000907D58B3B8F1000F02D0012011E000BF76
:1077A000099808B102200CE0089808B1032008E00D
:1077B000079808B1042004E0069800280CBF0620B2
:1077C0000520D17D8DF8500081420FD0D2E9031001
:1077D00014AB007889780122FDF738FB40F22401D0
:1077E000C2F2000110B99DF85000C875584600F06B
:1077F000A1F9504600F042FA3046FEF7CFFD14B131
:10780000012000F0D9F8484615B0BDE8F08F00BF60
:10781000020000000400000008000000100000004A
:10782000040000000800000010000000200000001C
:1078300010B582B040F22404C2F20004A17D0029F8
:1078400035D002384FEA700107294FF0FF3038D8A1
:10785000DFE801F00414370C3737371C00208DF8AF
:107860000700617D814218D12AE000BF10208DF809
:1078700007000220617D81420FD121E008208DF8B0
:1078800007000120617D814207D119E018208DF8A1
:1078900007000320617D814212D0D4E903100DF16D
:1078A00007030078C9790122FDF7D0FA20B14FF023
:1078B000FF3002B010BD00BF9DF80700C008607522
:1078C000002002B010BD0000B0B582B040F2240527
:1078D000C2F20005A97F814202D1002002B0B0BDF2
:1078E0000446D5E903100DF1070300780979012258
:1078F000FDF752FA94B3002846D19DF80700D5E968
:10790000031200F0DF008DF80700107809790DF1FF
:1079100007030122FDF79AFAB0BB0320F9F79CFD9B
:1079200095F82E1095F82F206FF07D00002908BFE4
:1079300002208DF807001AB140F030008DF80700E2
:10794000D5E903100DF107030078097D0122FDF749
:107950007DFAC8B9AC77002002B0B0BDA0B99DF8DF
:107960000700A97D00F0DF0001F0010140EA4110AD
:10797000D5E903128DF80700107809790DF1070396
:107980000122FDF763FA18B14FF0FF3002B0B0BD2D
:107990000320F9F761FD95F82E0095F82F100246A7
:1079A00000281CBF01226FF07F00D20100298DF852
:1079B0000720C1D1C4E70000B0B582B040F2240472
:1079C000C2F2000494F8301081425DD0D0B394F834
:1079D000310000285CD009B9A07D78B10020D4E93D
:1079E00003128DF805001078C97B0DF10503012203
:1079F000FDF72CFA10B99DF80500607700200025EE
:107A0000FFF762FF608E00F095F820698DF8045052
:107A1000007801AB232101220125FDF717FA02208E
:107A2000D4E903128DF806001078C97B0DF1060326
:107A3000012284F83050FDF709FA18BB9DF80600C2
:107A400060771FE009B9A07D78B10020D4E9031266
:107A50008DF807001078C97B0DF107030122FDF7AF
:107A6000F5F910B99DF807006077207F21698DF83E
:107A70000400087801AB23210122FDF7E7F900207B
:107A800084F83000FFF782F9002002B0B0BD00BFDB
:107A90004FF0FF3002B0B0BD10B582B040F2240408
:107AA000C2F20004A17DD1B3BC2807D30120E17D3F
:107AB0008DF80700814228D139E000BF622807D342
:107AC0000220E17D8DF8070081421ED12FE000BF2A
:107AD0002A2807D30320E17D8DF80700814214D1C5
:107AE00025E000BF142807D30420E17D8DF80700AE
:107AF00081420AD11BE000BF0A2834BF06200520BE
:107B0000E17D8DF80700814211D0D4E903100DF119
:107B10000703007889780122FDF798F920B14FF02A
:107B2000FF3002B010BD00BF9DF80700E0750020D7
:107B300002B010BDB0B582B040F22404C2F200041D
:107B4000A17D00294FF0FF3163D094F83020002A46
:107B50005FD194F82010002941D0411E89B2272915
:107B600006D8C0B2FEF79AFF0021084602B0B0BDA9
:107B7000054694F82F0000B3A07F94F82E1002461B
:107B8000002818BF012252008DF8062039B16FF08D
:107B90007D01002808BF6FF07F018DF80610D4E941
:107BA00003100DF106030078097D0122FDF74EF95F
:107BB000002804BF002084F82F004FF4E060D4E9CF
:107BC0000312ADF804001078897C01AB0222FDF7A6
:107BD0003DF9002804BF002084F8200028464FF417
:107BE0007A75B0F57A7F28BF2846042898BF04200C
:107BF000B5FBF0F0D4E9031201388DF803001078DA
:107C000049780DF103030122FDF720F920B14FF06F
:107C1000FF31084602B0B0BD9DF80300A27D411CB3
:107C2000B5FBF1F161832AB3012801D801200FE0EF
:107C3000042801D802200BE00A2801D8032007E01D
:107C4000182801D8042003E031288CBF0620052025
:107C5000E17D8DF8070081420CD0D4E903100DF1CD
:107C60000703007889780122FDF7F0F810B99DF834
:107C70000700E0750021084602B0B0BD70B582B0C3
:107C8000044610F0700F01D0012003E0002C0CBF5F
:107C90004020002040F22405C2F200058DF80600C5
:107CA000D5E903100DF106030078897C0122012635
:107CB000FDF7CCF8F0B9042121EA141104F0100208
:107CC0009DF8060086EA1212A30658BF023111443D
:107CD000220758BF38318DF80610D5E9031200F09D
:107CE000BF031078C97C2B760DF106030122FDF746
:107CF000ADF828B10020A8754FF0FF3002B070BD7C
:107D000014F0F70F23D095F82F0000B3A87F95F853
:107D10002E100246002818BF012252008DF80720BD
:107D200039B16FF07D01002808BF6FF07F018DF839
:107D30000710D5E903100DF107030078097D012232
:107D4000FDF784F8002804BF002085F82F000020EC
:107D500085F820003220AC75F9F77EFB002002B0D8
:107D600070BD00000346002A4FF0FF3008BF704787
:107D700070B582B040F22405C2F20005AE7D56B166
:107D800028695EBADBB244890B44A342ADF80660B1
:107D900006D94FF0FF3002B0BDE87040704700BF19
:107DA0000E46E9680078097E14460DF106030222AA
:107DB000FDF74CF830B14FF0FF3002B0BDE8704035
:107DC000704700BFD5E90310F2B20078497D234621
:107DD000FDF73CF8002818BF4FF0FF3002B0BDE8B7
:107DE00070407047F0B587B004A801A9FFF78CF880
:107DF000032811D140F22407C2F20007387D03287E
:107E000014D002280CD0002401280CBFC4F2832413
:107E1000C4F203340EE000BF012007B0F0BD00BF84
:107E200043F23334C4F2032404E000BF43F233349A
:107E3000C4F28314DDE90406069DF8F747FC014609
:107E40002046F8F705FAF8F74FFC04903046F8F7AB
:107E50003DFC01462046F8F7FBF9F8F745FC059094
:107E60002846F8F733FC01462046F8F7F1F9F8F711
:107E70003BFC069004A8FDF739FE787D03280BD85B
:107E800011A2FB7F02EB80020BA1002B08BF01EBCC
:107E90008002106801E000BF002001AB0ECB41431F
:107EA000019102FB00F15843039001A80291FDF7F4
:107EB00085FD002007B0F0BD004000009C1F0000C1
:107EC000001000000008000000200000CE0F00009D
:107ED00000080000000400000FB4054B10B503A912
:107EE000044A029800F05CF910BC5DF814FB000035
:107EF000DD5D000800000020490050EAC12018BFE5
:107F000004204A0D18BF40F0010040F2FF72B2EBAE
:107F1000515F08BF40F00200012808BF05207047EC
:107F20002DE9F0414F1E00EBC7010446D1E90001E5
:107F300015461E4637F006020DD02A463346F8F79E
:107F40009EFA7F1E04EBC703D3E90023F8F7F0F98C
:107F500037F00602F1D1022F25D0042F13D0062FBF
:107F600018BFBDE8F0812A463346F8F788FAD4E90D
:107F70000A23F8F7DDF92A463346F8F780FAD4E900
:107F80000823F8F7D5F92A463346F8F778FAD4E902
:107F90000623F8F7CDF92A463346F8F770FAD4E904
:107FA0000423F8F7C5F92A463346F8F768FAD4E906
:107FB0000223F8F7BDF92A463346F8F760FAD4E908
:107FC0000023BDE8F041F8F7B3B90122F8F7E4BCAB
:107FD000F8F7AEB90022134610461146F8F7C1BAB9
:107FE000024A00201107F8F7D7BC000001FDFFFF8F
:107FF00002E008C8121F08C1002AFAD17047704772
:10800000002001E001C1121F002AFBD170470000CF
:108010000149086070470000040000202DE9FF5F5F
:1080200082B00021DDE90430020DDDF840B00343E9
:1080300018D044F61050A2F2FF32424315141198A2
:1080400001281FD0A5EB0B00401C5FEA000A4FF08F
:1080500000064E4FDFF83891B046504615D5CAF1AC
:10806000000413E0119801244AA3012801D16FEA0A
:108070000B010298119AC0E90031C0E9024206B032
:10808000BDE8F09FCBF10000DFE704460021404A45
:10809000491842EB0450CDE9001012E0E00707D088
:1080A00032463B4640464946F8F7E9F9804689465C
:1080B00032463B4610461946F8F7E1F906460F46A8
:1080C0006410002CEAD1DDE90401DDE90023BAF1F6
:1080D000000F06DAF8F7D3F942464B46F8F7CFF926
:1080E00005E0F8F73EFA42464B46F8F73AFA0446FE
:1080F0000E460022284BF8F797FC03D84FF0FF30CC
:10810000014607E00022254B20463146F8F710F9DA
:10811000F8F759FC102409E0002C0ADB0A2200239E
:10812000F8F754FB039B30321A55641E50EA0102E3
:10813000F2D1641C039AC4F111031444119A012A68
:1081400003D0012208430DD10AE0084304D00020E7
:108150004FF0110B119072E7A3EB0B056D1E0DE0B4
:108160005B4504DD4FF0000205F1010504E003DA90
:108170004FF00002A5F10105002AECD002981199F8
:10818000C0E90231C0E9004579E700000000144071
:108190000000F03F300000000000F0430000E03F2E
:1081A0002DE9FF4F95B09B468946064600250FE214
:1081B000252877D100242746F84A0121059400E0BC
:1081C000044316F8013F203B01FA03F01042F7D1B7
:1081D00030782A2811D06FF02F033078A0F13002C8
:1081E000092A16D8059A44F0020402EB820203EB36
:1081F00042021044761C0590EFE759F8042B0592D3
:10820000002A03DA504244F40054059044F002047A
:10821000761C30782E2816D116F8010F44F004048D
:108220002A280DD06FF02F023078A0F13003092BEF
:1082300009D807EB870302EB4303C718761CF3E763
:1082400059F8047B761C30786C280FD006DC4C285B
:1082500017D068280DD06A2814D104E0742810D0F3
:108260007A280FD10DE044F400140AE044F480149D
:1082700001E044F440147278824202D104F5801483
:10828000761C761C307866280BD013DC582877D003
:1082900009DC002875D04528F6D04628F4D04728B8
:1082A0001AD19DE118E0632835D0642879D065287B
:1082B00012D195E1702873D008DC6728F1D06928C5
:1082C0006FD06E280DD06F2806D1B5E073282CD062
:1082D000752875D0782874D05A46179990476D1C28
:1082E00075E1C4F30250022809D003280DD0D9F853
:1082F000001004280DD00D6009F1040967E1D9F8D8
:108300000010EA17C1E90052F6E7D9F800100D8015
:10831000F2E70D70F0E719F8041B8DF8001000204B
:108320008DF80100EA46012003E059F804AB4FF054
:10833000FF3061074FF0000102D40DE008F10101A8
:108340008846B9420FDA8045F8DB1AF80810002990
:10835000F4D108E008F1010188468142FADB1AF8FD
:1083600008100029F6D105985B46A0EB08072146C6
:108370003846179A00F094FA284400EB080507E005
:108380004DE029E10DE01AF8010B5A461799904784
:10839000B8F10108F7D25B4621463846179A13E137
:1083A00042E00A220092C4F302524FF0000A022A6D
:1083B00008D059F804CB032A4FEAEC710AD00DE03B
:1083C00029E02AE009F1070121F00702F2E802C1E1
:1083D000914609E00FFA8CFC4FEAEC71042A03D1B4
:1083E0004FFA8CFC4FEAEC71002907DA0A460021AB
:1083F000DCF1000C61EB02012D2202E0220504D524
:108400002B228DF80420012203E0E20701D0202274
:10841000F7E7904659E00A2102E010220DE0102112
:108420004FF0000A00910BE010224FF0000A44F0D8
:1084300004040827009203E008224FF0000A00928B
:10844000C4F30252022A05D059F804CB0021032AB2
:1084500008D009E009F1070121F00702F2E802C1A2
:10846000914605E01FFA8CFC042A01D10CF0FF0CA8
:108470004FF00008220728D5702806D0009B83F013
:10848000100353EA0A0305D00EE040228DF80420C1
:10849000012208E05CEA010206D030228DF80420B7
:1084A0008DF8050002229046009B83F0080353EAF2
:1084B0000A030AD15CEA010201D1620705D5302224
:1084C0008DF804204FF001087F1E582804D034A0F6
:1084D00003900EA802900DE036A0F9E753466046DF
:1084E000009AF8F773F984460398825C0298401E5C
:1084F000029002705CEA0100F0D1029806A9081A05
:1085000000F1200A600702D524F4803400E001273E
:10851000574502DDA7EB0A0000E0002000EB0A014E
:10852000009005984144401A0590E00306D45B464C
:108530002146179A059800F0B3F90544002706E094
:1085400001A85A46C05D179990476D1C7F1C47458E
:10855000F6DBE0030CD55B462146179A059800F040
:108560009FF9054404E030205A46179990476D1C46
:108570000099481E00900029F5DC08E00298029955
:108580005A460078491C0291179990476D1CBAF120
:108590000001AAF1010AF1DC65E1000009280100EF
:1085A0003031323334353637383961626364656669
:1085B000000000003031323334353637383941422B
:1085C000434445460000000000F058F90544761C7D
:1085D000307800287FF4ECAD19B02846BDE8F08F64
:1085E000620700D4062709F1070222F0070CFCE815
:1085F0000223E14603F000485FEA080C02D00FF2C4
:10860000702C0DE05FEA045C02D50FF2682C07E0E5
:108610005FEAC47C02D00FF2602C01E0AFF2700C74
:108620004FF0FF3823F00043CDF850C065280CD040
:1086300006DC452809D046281DD047283DD13DE01D
:10864000662818D067287ED138E00021112F01DB81
:10865000112000E0781CCDE9000106A90EA8FFF763
:10866000DDFCDDE90F010E9A03910021009207F174
:10867000010A04914DE04FF000400097CDE9011050
:1086800006A90EA8FFF7CAFCDDE90F0203920E9BB4
:1086900011990022DDF80CA00093049211B9791C05
:1086A00000EB010AB7EB0A0004D4C0F1FF3007F178
:1086B000010A0490AAEB0700019044E0012F00DAC0
:1086C00001270021112F01DD112000E03846CDE9FE
:1086D000000106A90EA8FFF7A1FCDDE90F010E9A23
:1086E0000391002104910092BA4621070CD403990A
:1086F000514500DA8A46BAF1010F05DD009AAAF168
:108700000101515C302908D0B84202DA10F1040F9F
:1087100006DA0121CDE9011015E0AAF10101E9E72E
:10872000002805DC049901440491AAEB000102E051
:10873000411C514500DD8A460499401A401C0190B5
:108740004FF000400290200704D40198504501DB0F
:10875000CDF8048000208DF84F0002980DF14F07EE
:10876000B0F1004F25D02B200E9002984FF0020858
:1087700000280CDA404202902D200E9007E00A21DA
:108780000298F8F70DF83031029007F8011DB8F1A2
:108790000001A8F10108F2DC02980028EFD1791E4F
:1087A0000E980870307800F0200040F0450007F87F
:1087B000020D12A8C01B00F107081498007800B140
:1087C000012000EB0A01019801EBE071059841449A
:1087D000401A401E0590E00306D45B462146179AD6
:1087E000059800F05DF805441498007818B15A46D1
:1087F000179990476D1CE00324D55B462146179AD4
:10880000059800F04DF805441CE00498002807DBAB
:10881000DDE90301884203DD0098405C179901E01F
:10882000179930205A469047049805F10105401CDD
:1088300004900198401E019004D12E205A461799A9
:1088400090476D1CBAF10001AAF1010ADDDC05E0D8
:1088500017F8010B5A46179990476D1CB8F10001A3
:10886000A8F10108F4DC5B462146179A0598ABE6AF
:108870002D0000002B000000200000002DE9F04139
:10888000044600251E461746880404D405E03946F0
:108890002020B0476D1C641EF9D52846BDE8F08144
:1088A0002DE9F041044600251E469046C80301D537
:1088B000302700E02027880404D505E041463846EB
:1088C000B0476D1C641EF9D52846BDE8F081000054
:1088D0002DE9F04D8D4F21F0004A86B005460C463B
:1088E000BA452ADBAAEB070028430AD0884882450C
:1088F00001DC1AD1CDB106B02846BDE8F04DFFF736
:1089000064BB844A844B2846F7F7B9FD07460E46F8
:10891000824A834B28462146F7F7B1FD06B03A4616
:108920003346BDE8F04DF7F703BD0120FFF770FBBC
:1089300006B0BDE8F04DFFF74DBB7A48824542DAFC
:10894000BAF1795F0BDA2846FFF7D6FA042808BF98
:10895000FFF746FB284606B02146BDE8F08D2A46C3
:108960000B461046F7F78BFD834602466E480E46CF
:108970000B4606217844FFF7D3FA5A463346F7F7F9
:108980007EFD804669488A465A463346042178442B
:10899000FFF7C6FA5A463346F7F771FD00223B4609
:1089A000F7F7C6FC02460B4640465146F7F7D9FD9D
:1089B0002A462346F7F763FD06B02A462346BDE85C
:1089C000F04DF7F7B5BC284624F0004100223D46A3
:1089D0003B46F7F751FD4FF0FF32F7F7DDFF064654
:1089E000024653480F460B4606217844FFF798FA93
:1089F00032463B46F7F743FDCDE900014D4832468C
:108A00003B4604217844FFF78BFA32463B46F7F7A2
:108A100036FD00222B46F7F78BFC83460291304649
:108A2000394600F07DFA804643480D46504517DC34
:108A3000DDE900015A46029BF7F793FD42462B46BB
:108A4000F7F71DFD42462B46F7F772FC0122F7F7B8
:108A5000A3FF304A304BF7F70CFD304A304B4CE067
:108A60004FF0000A52460B464046F7F761FCCDE94D
:108A7000031052462B4610461946F7F700FD3246C2
:108A80003B46F7F7F9FCDDE90332F7F76AFD0646E6
:108A90000F46DDE900015A46029BF7F762FD834667
:108AA0000091012230463946F7F776FF194A1A4BF2
:108AB000F7F7E2FC06460F46012240462946F7F743
:108AC0006BFF5A46009BF7F7DAFC32463B46F7F756
:108AD000D0FC06460F46012250462946F7F75CFFB8
:108AE0000E4DDFF858802A464346F7F7C5FC32465C
:108AF0003B46F7F7C1FC2A464346F7F7BDFC002C7E
:108B0000D8BF81F0004106B0BDE8F08D0000F03F15
:108B10000000F07F075C143326A6913C182D4454C6
:108B2000FB21F93F0000E03FF80500000E060000C1
:108B300082050000980500003333EF3FFB21E93F39
:108B40002DE9F84F04460D4621F00040009173498D
:108B5000814211DC7249884201DC06D12CB12046E9
:108B60002946BDE8F84FFFF730BA6E48002DCCBF5C
:108B70006D496E49BDE8F88F6D49814211DD6D493F
:108B80008142D8BF4FF0FF366DDD20462946FFF702
:108B9000B3F9042808BFFFF723FA20462946BDE8A9
:108BA000F88F6549654F25F00045814233DD644902
:108BB000814219DD002632464FF080432046294687
:108BC000F7F7B6FB80468A46012220462946F7F78A
:108BD000E3FE00223B46F7F74CFC42465346F7F7CC
:108BE000C0FC04460D463EE001260022BA463B4644
:108BF00020462946F7F79CFB80460F460022534645
:108C000020462946F7F735FC42463B46F7F7A9FCD4
:108C100004460D4627E04B4981421BDDDFF828A1C1
:108C200002260022534620462946F7F728FC002258
:108C30003B46F7F77DFB80460F4600225346204611
:108C40002946F7F716FC42463B46F7F78AFC0446EE
:108C50000D4608E0032622462B4600203B49F7F745
:108C600080FC04460D4622462B4610461946F7F76F
:108C700006FC8B46824602460B46F7F700FC074689
:108C80000246334888460B4606217844FFF748F9E8
:108C900052465B46F7F7F3FB82462E488B463A4630
:108CA000434605217844FFF73BF93A464346F7F738
:108CB000E6FB02460B46002E504659460CDAF7F703
:108CC00037FB22462B46F7F7DAFB01B022462B464C
:108CD000BDE8F04FF7F7D0BBF7F72AFB22462B464B
:108CE000F7F7CDFB1C4A7A4402EBC603D3E9002315
:108CF000F7F7BFFB22462B46F7F7BBFB174A7A4430
:108D000002EBC603D3E90023F7F7B6FB009A002A6B
:108D1000B8BF81F00041BDE8F88F000000001044AA
:108D20000000F07F182D4454FB21F93FFB21F9BFCF
:108D30000000DC3F0000203E0000F33F0000F03F59
:108D40000000E63F008003400000F83F0000F0BF55
:108D50009A03000058030000F6020000BE02000063
:108D60002DE9F04D9446CCF1000423F000464CEA86
:108D70000404594F46EAD4749A46884621F00042CA
:108D8000BC4206D8454240EA050442EAD474BC42DB
:108D900004D9BDE8F04D6246FFF71AB9AAF1405573
:108DA000A5F17F6555EA0C040BD0022404EAAA74ED
:108DB0004A4DDFF82CE144EAD87452EA000B04D0A3
:108DC0000CE0BDE8F04DFFF7BBBE002C14BF012C3A
:108DD000BDE8F08D022C30D0032C32D056EA0C0BBB
:108DE0000AD0BE4220D1BA4209D126F0804622F0F4
:108DF00080423346114617E000291ADB25E0DFF8F0
:108E0000E4B0FB44002C04BFDBE90001BDE8F08DB9
:108E1000012C02BFDBE9000181F00041BDE8F08DCB
:108E2000022C0AD0032C0CD0BA4212D1B8F1000F98
:108E30000BDA2A482C49BDE8F08D28462B49BDE8BD
:108E4000F08D28467146BDE8F08D24482849BDE8DC
:108E5000F08D921B12153C2AC4BF204F244E10DC0B
:108E6000BAF1000FBEBF12F13C0F00273E4608DBEF
:108E70006246F7F776FB21F00041FFF761FE0746F7
:108E80000E4694B1012C08BF86F000460DD0194A59
:108E9000194B022C3846314615D0F7F7EAFA2A4624
:108EA000BDE8F04D114BF7F7E4BA002213463846FF
:108EB0003146F7F7A1FD04BF0220FFF7A9F83846B5
:108EC0003146BDE8F08DF7F7D4FA2A46BDE8F04DFB
:108ED000064BF7F7D1BA00000000F07F182D44547C
:108EE000FB2109C052020000FB21F9BFFB21094010
:108EF000FB21F93F075C143326A6A13C10B50446BC
:108F000001E0FCF76BFF14F8010B04490028F8D1CD
:108F1000BDE810400A20FCF761BF000000000020FF
:108F20002DE9F04106460F46F7F7BEFD041E0D463B
:108F300018BF0120284320F00040C0F17F6000F1FD
:108F4000E040C00F0ED0301C18BF0120384320F085
:108F50000040C0F17F6000F1E040C00F04BF01207D
:108F6000FFF756F820462946BDE8F08100000000D2
:108F7000555555555555C53F7D6FEB0312D6D4BF9A
:108F80005544880E55C1C93F3B8F68B52882A4BFA0
:108F900088B20175E0EF493F09F7FD0DE13D023F61
:108FA0004B2D8A1C273A03C0C88A599CE52A0040E9
:108FB00059018D1B6C06E6BF82922EB1C5B8B33F36
:108FC0004FBB610567ACDD3F182D4454FB21E93FE1
:108FD0009BF681D20B73EF3F182D4454FB21F93FD0
:108FE000E2652F227F2B7A3C075C143326A6813C56
:108FF000BDCBF07A8807703C075C143326A6913C01
:10900000C4EB98999999C9BF711623FEC671BCBF6C
:109010006D9A74AFF2B0B3BF9AFDDE522DDEADBFD4
:109020002F6C6A2C44B4A2BF0D5555555555D53FEC
:10903000FF8300922449C23F6E204CC5CD45B73F07
:10904000513DD0A0660DB13FEB0D76244B7BA93F7F
:1090500011DA22E33AAD903F00000000000000006A
:109060000CC92C4CCD6C0000000000000000010277
:1090700003040607080900000000010203040102BE
:1090800002030405060708090A0B0C0D0E0F101049
:10909000FA00F401E803D00700007000000000248B
:1090A000000000020003000000650054FFEF000014
:1090B000FA80000B12820001030C30C30E8C8CE985
:1090C00014D5400213710F8E3883F8833000F88373
:1090D000258EF8833000F883FFFFFFFF0FFEA9D62F
:1090E000240004001A8279A10000003CFFFF000068
:1090F0000010000038836FA2003E033040000000E3
:1091000002CAE3093E8000002000000000000000C9
:109110004000000060000000000C0000000C186E11
:10912000000006920A16C0DFFFFF0256FD8CD377BF
:10913000FFE1C496E0C5BEAA00000000FFFF0B2BB4
:1091400000001657000003594000000000001DFAFF
:1091500000026C1D000000003FFFDFEB003EB3B6D5
:10916000000D227800002F3C00000000001942B5DD
:10917000000039A20000B365D90E9FC91DCF4C3441
:1091800030000000500000003BB67AE800640000A8
:1091900000C8000000000000100000001000FA925B
:1091A0001000225E000D229F00010000003200002E
:1091B000FF46000063D400001000000004D6000049
:1091C00004CC000004CC000000001072000000403D
:1091D000000000000000000000060002000500077B
:1091E0000000000000640000000000000000000516
:1091F00000050064002000000000000000000000E6
:10920000000040000000030000000032F898000059
:10921000FF650000830F0000FF9BFC0000000000C2
:10922000000000000000000000000000000000003E
:10923000000000000000000000000000000000002E
:1092400000000000000010004000000000000006C8
:109250000000B26A000200000001FB830068000009
:1092600000D9FC007CF1FF830000000000650000D5
:10927000006403E8006400280000002500000000EE
:1092800016A000000000100000001000002F0000D9
:10929000000001F40000100000280000FFFF4581DD
:1092A000FFFFFA720000000000000000004400050B
:1092B0000005BAC6004778A20000000100000000C7
:1092C00000000600000000140000254D002F706D06
:1092D000000005AE000C02D00000000000000000FD
:1092E0000000000000000000001B00000000000063
:1092F0000000000000000000006400000008000002
:10930000000000000000000000000000000000005D
:10931000000000000000000000000000000000004D
:10932000000000000000000000000000000000003D
:10933000000000000000000000000000000000002D
:10934000000000000000000000000000000000001D
:109350000000000000000000001B000000000000F2
:1093600000000000000E000E00000AC7000400000C
:1093700000000032FFFFFF9C00000B2B00000002EA
:109380000000000100000064FFE500000000000094
:1093900000000000000000000000000100000000CC
:1093A00000010000000000000001800000018000BA
:1093B00000018000002426D300000000000000000F
:1093C000000600100096003C0000000000000000B5
:1093D00000000000000000000C0A4E68CDCF7709A5
:1093E00050166759C619CE82000000000000000028
:1093F000000000000000000000000000000000006D
:1094000017D78400030000000000000000000000E7
:10941000C7938F9D1E1B1C19000000000000000058
:10942000000000000000000000000000000000003C
:109430000203188500004000000000030000000344
:1094400000000000000000004000000000000000DC
:10945000000000000000000000000000000000000C
:1094600000000000000000000000000000000000FC
:10947000000000000000000000000000677DDF7EAB
:1094800072902E554CF6E6880000000000000000A7
:109490000000000000000000D8DCB4B8B0D8B9ABC0
:1094A000F3F8FAB3B7BB8E9EAEF132F51BF1B4B848
:1094B000B08097F1A9DFDFDFAADFDFDFF2AAC5CD39
:1094C000C7A90CC92C97F1A989264666B28999A922
:1094D0002D557DB0B08AA896365676F1BAA3B4B2AF
:1094E00080C0B8A89711B28398BAA3F0240844109A
:1094F0006418B2B9B49883F1A329557DBAB5B1A364
:109500008393F0002850F5B2B6AA839328547CF1D7
:10951000B9A3829361BAA2DADEDFDB819AB9AEF534
:10952000606870F1DABAA2DFD9BAA2FAB9A382925E
:10953000DB31BAA2D9BAA2F8DF85A4D0C1BBAD8312
:10954000C2C5C7B8A2DFDFDFBAA0DFDFDFD8D8F13E
:10955000B8AAB38DB4980D355DB2B6BAAF8C961972
:109560008F9FA70E161EB49AB8AA872C547CBAA453
:10957000B08AB691325676B28494A4C808CDD8B8D1
:10958000B4B0F19982A82D557D98A80E161EA22C74
:10959000547C92A4F02C5078F184A898C4CDFCD8C7
:1095A0000DDBA8FC2DF3D9BAA6F8DABAA6DED8BA34
:1095B000B2B68696A6D0F3C841DAA6C8F8D8B0B439
:1095C000B882A892F52C548898F135D9F418D8F1BE
:1095D000A2D0F8F9A884D9C7DFF8F883C5DADF6923
:1095E000DF83C1D8F40114F1A8824EA884F311D10D
:1095F00082F5D992289788F109F41C1CD884A8F325
:10960000C0F9D1D99782F129F40DD8F3F9F9D1D95C
:1096100082F4C203D8DEDF1AD8F1A2FAF9A884983E
:10962000D9C7DFF8F8F883C7DADF69DFF883C3D872
:10963000F40114F198A8822EA884F311D182F5D9EF
:1096400092509788F109F41CD884A8F3C0F8F9D196
:10965000D99782F149F40DD8F3F9F9D1D982F4C43C
:1096600003D8DEDFD8F1AD8898CCA809F9D9829269
:10967000A8F57CF1883ACF944A6E98DB6931DAAD6F
:10968000F2DEF9D88795A8F221D1DAA5F9F417D935
:10969000F1AE8ED0C0C3AE82C684C3A88595C8A5DE
:1096A00088F2C0F1F4010EF18E9EA8C63E56F55424
:1096B000F18872F40115F19845856EF58E9E048847
:1096C000F142985A8E9E068869F4011CF1981E1189
:1096D00008D0F504F11E970202983625DBF9D985EA
:1096E000A5F3C1DA85A5F3DFD88595A8F309DAA536
:1096F000FAD88292A8F578F1881A849F2688982152
:10970000DAF41DF3D8879F39D1AFD9DFDFFBF9F445
:109710000CF3D8FAD0F8DAF9F9D0DFD9F9D8F40B8C
:10972000D8F3879F39D1AFD9DFDFF41DF3D8FAFC26
:10973000A869F9F9AFD0DADEFAD9F88F9FA8F1CC91
:10974000F398DB45D9AFDFD0F8D8F18F9FA8CAF3E3
:109750008809DAAF8FCBF8D8F2AD978D0CD9A5DF99
:10976000F9BAA6F3FAF412F2D8950DD1D9BAA6F344
:10977000FADAA5F2C1BAA6F3DFD8F1BAB2B6869684
:10978000A6D0CAF349DAA6CBF8D8B0B4B8D8AD841D
:10979000F2C0DFF18FCBC3A8B2B68696C8C1CBC3E7
:1097A000F3B0B48898A821DB718D9D71859521D97E
:1097B000ADF2FAD88597A828D9F408D8F28D29DA1D
:1097C000F405D9F285A4C2F2D8A88D9401D1D9F4B8
:1097D00011F2D88721D8F40AD8F28498A8C801D108
:1097E000D9F411D8F3A4C8BBAFD0F2DEF8F8F8F87A
:1097F000F8F8F8F8D8F1B8F6B5B9B08A95A3DE3C18
:10980000A3D9F8D85CA3D9F8D87CA3D9F8D8F8F9AB
:10981000D1A5D9DFDAFAD8B18530F7D9DED8F8305A
:10982000ADDADED8F2B48C99A32D557DA083DFDFAD
:10983000DFB591A0F629D9FBD8A0FC29D9FAD8A088
:10984000D051D9F8D8FC51D9F9D879D9FBD8A0D0C2
:10985000FC79D9FAD8A1F9F9F9F9F9A0DADFDFDF53
:10986000D8A1F8F8F8F8F8ACDEF8ADDE8393AC2CAC
:10987000547CF1A8DFDFDFF69D2CDAA0DFD9FADB1C
:109880002DF8D8A850DAA0D0DED9D0F8F8F8DB55FA
:10989000F8D8A878DAA0D0DFD9D0FAF8F8F8F8DB51
:1098A0007DF8D89CA88CF530DB38D9D0DEDFA0D08D
:1098B000DEDFD8A848DB58D9DFD0DEA0DFD0DED885
:1098C000A868DB70D9DFDFA0DFDFD8F1A888902C93
:1098D000547C98A8D05C38D1DAF2AE8CDFF9D8B0DD
:1098E00087A8C1C1B188A8C6F9F9DA36D8A8F9DACB
:1098F00036D8A8F9DA36D8A8F9DA36D8A8F9DA3697
:10990000D8F78D9DADF818DAF2AEDFD8F7ADFA30A2
:10991000D9A4DEF9D8F2AEDEFAF983A7D9C3C5C758
:10992000F1889BA77AADF7DEDFA4F8849408A797A7
:10993000F300AEF29819A488C6A39488F632DFF239
:109940008393DB09D9F2AADFD8D8AEF8F9D1DAF3DC
:10995000A4DEA7F1889B7AD8F38494AE19F9DAAA29
:10996000F1DFD8A881C0C3C5C7A39283F628ADDEB6
:10997000D9F8D8A350ADD9F8D8A378ADD9F8D8F88C
:10998000F9D1A1DADEC3C5C7D8A18194F818F2B025
:1099900089ACC3C5C7F1D8B8B4B09786A8319B06C7
:1099A0009907AB9728889BF00C201440B0B4B8F00E
:1099B000A88A9A285078B79BA829517924705944CD
:1099C0006938644831F1BBAB88002C547CF0B38B10
:1099D000B8A804285078F1B088B49726A85998BB45
:1099E000ABB38B02264666B0B8F08A9CA8295179A1
:1099F0008B2951798A2470598B2058718A4469388F
:109A00008B3940688A6448318B30496088F1AC00FA
:109A10002C547CF08CA804285078F1889726A859FB
:109A200098AC8C02264666F0899CA829517924704E
:109A300059446938644831A98809205970AB1138F4
:109A40004069A8193148608CA83C415C207C00F139
:109A500087981986A86E767EA999882D557DD8B1EC
:109A6000B5B9A3DFDFDFAED0DFAAD0DEF2ABF8F905
:109A7000D9B087C4AAF1DFDFBBAFDFDFB9D8B1F15E
:109A8000A3978E60DFB084F2C8F8F9D9DED8938549
:109A9000F14AB183A308B5839A0810B79F10D8F193
:109AA000B0BAAEB08AC2B2B68E9EF1FBD9F41DD860
:109AB000F9D90CF1D8F8F8AD61D9AEFBD8F40CF1B6
:109AC000D8F8F8AD19D9AEFBDFD8F416F1D8F8AD57
:109AD0008D61D9F4F4ACF59C9C8DDF2BBAB6AEFA4F
:109AE000F8F40BD8F1AED0F8AD51DAAEFAF8F1D8FF
:109AF000B9B1B6A3839C08B9B1839AB5AAC0FD30A9
:109B000083B79F10B58B93F20202D1ABDADED8F1A6
:109B1000B080BAABC0C3B284C1C3D8B1B9F38BA310
:109B200091B609B4D9ABDEB0879CB9A3DDF1B38B94
:109B30008B8B8B8BB087A3A3A3A3B28BB69BF2A313
:109B4000A3A3A3A3A3A3A3A3A3F1B087B59AA3F34D
:109B50009BA3A3DCBAACDFB9A3A3A3A3A3A3A3A332
:109B6000A3A3A3A3A3A3A3A3D8D8D8BBB3B7F1AA95
:109B7000F9DAFFD9809AAA28B48098A720B79787E6
:109B8000A86688F07951F1902C870CA78197629391
:109B9000F071716085940129517990A5F1284C6C80
:109BA000870C95188578A38390284C6C886CD8F323
:109BB000A28200F210A8921980A2F2D926D8F188C8
:109BC000A84DD948D896A83980D93CD89580A839CD
:109BD000A68698D92CDA87A72CD8A8899519A980A8
:109BE000D938D8A88939A980DA3CD8A82EA83990C4
:109BF000D90CD8A8953198D90CD8A809D9FFD80183
:109C0000DAFFD89539A9DA26FFD890A80D8999A846
:109C100010809821DA2ED88999A83180DA2ED8A818
:109C200086963180DA2ED8A8873180DA2ED8A8829D
:109C300092F34180F1D92ED8A882F31980F1D92E60
:109C4000D882ACF3C0A28022F1A62EA72EA922981A
:109C5000A829DAACDEFFD8A2F22AF1A92E8292A8B6
:109C6000F23180A696F1D900AC8C9C0C30ACDED0E1
:109C7000DEFFD88C9CACD010ACDE8092A2F24C827D
:109C8000A8F1CAF235F19688A6D900D8F1FF68008C
:109C9000000476005401F7FD000175191A0C6A23BF
:109CA0001B1C1F207274433B4138393A6B6C376F71
:109CB00006246D6E7050726F647563742049442081
:109CC00072656164206173203020696E646963612C
:109CD00074657320646576696365206973206569BE
:109CE0007468657220696E636F6D70617469626C0F
:109CF00065206F7220616E204D5055333035302E07
:109D000000000000830000000008000000010018AF
:109D100032000500000020410000D242295C0F3EC5
:109D20009A99993E3333733F295C0F3E509D00084A
:109D30000000002060000000F07F0008B09D0008D7
:109D40006000002090070000008000080000000074
:109D5000000000000000000066667E419A99193FED
:109D6000CDCC94410000E1430000204101000000FF
:109D700010000000010000000100000001000000D0
:109D80009A9C00088E9C0008000000000000000063
:109D900000000000000000000000000000000000C3
:109DA0000000000000000000049D000800127A007E
:04000005080000ED02
:00000001FF
